Lab ID,Tier,Score,Cohort,Sources,Primary reason,All signals,Facility name,DBA / Alt name,Website (verified),Domain registered,Domain age (days),Address,Address line 2,City,State,ZIP,Phone,Fax,CLIA #,CLIA facility type,CLIA cert type,Accreditations,CLIA original part. date,Days since CLIA launch,Annual test volume,CLIA CHOW count,NPI,NPPES org name,NPI taxonomy,NPI enumeration date,Days since NPI,Medicare type,Medicare ENRLMT ID,Contact first,Contact last,Contact title,Contact phone
C39D2340686,S+,140,A_fresh_le_6mo,CN,"CLIA + NPI, no Medicare — bullseye: licensed + billing-ready, pre-Medicare-paperwork","CMB_CN_NO_M, C-1_ORGNL_LE_3MO, Q-REGISTRATION, N-1_NPI_LAB_TAX_MATCH, S-1_STANDALONE, W-1_DOMAIN_LT_6MO",MEDISURE LABS INC,,https://www.medisurelab.com/,2026-01-09,123,"4815 JONESTOWN RD, STE 201",,HARRISBURG,PA,17109,(203) 722-5981,,39D2340686,Independent / Reference Lab,Registration,,2026-03-20,53,0,0,1790643617,MEDISURE LABS INC.,291U00000X,2026-01-10,122,,,CHANDANA,KANCHARAKUNTLA SAMSON,PRESIDENT,2037225981
C45D2340655,S+,135,A_fresh_le_6mo,CN,"CLIA + NPI, no Medicare — bullseye: licensed + billing-ready, pre-Medicare-paperwork","CMB_CN_NO_M, C-1_ORGNL_LE_3MO, Q-REGISTRATION, N-1_NPI_LAB_TAX_MATCH, A-1_REAL_MEDICAL, S-1_STANDALONE",CLASSIC CLINICAL LABORATORY LLC,,,,,3012 E HEBRON PARKWAY SUITE 112,,CARROLLTON,TX,75010,(979) 329-0430,,45D2340655,Independent / Reference Lab,Registration,,2026-03-20,53,0,0,1346196177,CLASSIC CLINICAL LABORATORY LLC,291U00000X,2026-03-05,68,,,HABEEBULLAH,KHAN MOHAMMED,OWNER,9793290430
C24D2340499,S+,135,A_fresh_le_6mo,CN,"CLIA + NPI, no Medicare — bullseye: licensed + billing-ready, pre-Medicare-paperwork","CMB_CN_NO_M, C-1_ORGNL_LE_3MO, Q-REGISTRATION, N-1_NPI_LAB_TAX_MATCH, A-1_REAL_MEDICAL, S-1_STANDALONE",CASCADE DIAGNOSTICS,,,,,"500 MARSCHALL RD, SUITE 300",,SHAKOPEE,MN,55379,(952) 448-6557,9524486047,24D2340499,Independent / Reference Lab,Registration,,2026-03-18,55,0,0,1477499648,CASCADE DIAGNOSTICS,291U00000X,2026-04-28,14,,,ELISA,JOHNSON,REVENUE CYCLE/CREDENTIALING,9528563932
C10D2339283,S+,135,A_fresh_le_6mo,CN,"CLIA + NPI, no Medicare — bullseye: licensed + billing-ready, pre-Medicare-paperwork","CMB_CN_NO_M, C-1_ORGNL_LE_3MO, Q-REGISTRATION, N-1_NPI_LAB_TAX_MATCH, A-1_REAL_MEDICAL, S-1_STANDALONE",UNIVERSITY LABORATORY SOLUTIONS LLC,,,,,490 CENTRE LAKE DR SUITE 201B,,PALM BAY,FL,32909,(321) 536-0254,,10D2339283,Independent / Reference Lab,Registration,,2026-02-27,74,0,0,1255289534,UNIVERSITY LABORATORY SOLUTIONS LLC,291U00000X,2026-03-20,53,,,RAJENDRA,MELARAM,LABORATORY MANAGER,3215360254
C10D2331547,S+,130,B_6_to_12mo,CN,"CLIA + NPI, no Medicare — bullseye: licensed + billing-ready, pre-Medicare-paperwork","CMB_CN_NO_M, C-3_ORGNL_LE_12MO, Q-REGISTRATION, N-1_NPI_LAB_TAX_MATCH, S-1_STANDALONE, W-1_DOMAIN_LT_6MO",BIO QUEST LABORATORIES LLC,,https://www.bioquestlab.com/,2025-12-11,152,2020 KINGSLEY AVENUE SUITE 3,,ORANGE PARK,FL,32073,(904) 480-2604,(904) 480-2605,10D2331547,Independent / Reference Lab,Registration,,2025-10-03,221,72000,0,1891666483,BIO QUEST LABORATORIES LLC,291U00000X,2025-09-16,238,,,JEREY,BRAVO ESPONDA,OWNER,9044768670
C45D2337372,S+,130,A_fresh_le_6mo,CNM,ORGNL_PRTCPTN_DT ≤ 6 months,"C-2_ORGNL_LE_6MO, Q-REGISTRATION, N-1_NPI_LAB_TAX_MATCH, A-1_REAL_MEDICAL, S-1_STANDALONE, W-1_DOMAIN_LT_6MO",QUASAR LABORATORY LLC,,https://www.quasardx.com/,2026-01-10,122,8200 WEDNESBURY LANE SUITE 490,,HOUSTON,TX,77074,(346) 397-0238,(337) 216-6624,45D2337372,Independent / Reference Lab,Registration,,2026-01-22,110,0,0,1295692796,QUASAR LABORATORY LLC,291U00000X,2026-01-06,126,PART B SUPPLIER - INDEPENDENT CLINICAL LABORATORY,O20260310001705,GABRIEL,TERCERO,CEO,3463970238
C45D2340056,S+,125,A_fresh_le_6mo,CN,"CLIA + NPI, no Medicare — bullseye: licensed + billing-ready, pre-Medicare-paperwork","CMB_CN_NO_M, C-1_ORGNL_LE_3MO, Q-REGISTRATION, N-1_NPI_LAB_TAX_MATCH, S-1_STANDALONE",SAMOS LABORATORY LLC,,,,,715 DISCOVERY BLVD STE 111,,CEDAR PARK,TX,78613,(512) 872-6222,(512) 872-6222,45D2340056,Independent / Reference Lab,Registration,,2026-03-11,62,5000,0,1598611592,SAMOS LABORATORY LLC,291U00000X,2026-03-10,63,,,ALI,ASHMAIG,MANAGING MEMBER,5105857632
C05D2335250,S+,120,A_fresh_le_6mo,CN,"CLIA + NPI, no Medicare — bullseye: licensed + billing-ready, pre-Medicare-paperwork","CMB_CN_NO_M, C-2_ORGNL_LE_6MO, Q-ACCREDITATION, N-1_NPI_LAB_TAX_MATCH","CORDELL LABS, LLC DBA SPECIALTY LABORATORIES",,,,,1935 CORDELL CT STE 200,,EL CAJON,CA,92020,(619) 745-4484,(279) 444-3963,05D2335250,Independent / Reference Lab,Accreditation,AOA,2025-12-08,155,0,0,1033073622,"CORDELL LABS, LLC",291U00000X,2025-12-10,153,,,DAVID,BARKA,CEO,6197083999
C13D2332894,S+,120,B_6_to_12mo,CN,"CLIA + NPI, no Medicare — bullseye: licensed + billing-ready, pre-Medicare-paperwork","CMB_CN_NO_M, C-3_ORGNL_LE_12MO, Q-REGISTRATION, N-1_NPI_LAB_TAX_MATCH, S-1_STANDALONE, W-2_DOMAIN_LT_12MO",BLOOD ON THE RUN INC,,https://www.bloodontherunlabs.com/,2025-06-19,327,1516 W CAYUSE CREEK DR #100,,MERIDIAN,ID,83646,(208) 760-4400,,13D2332894,Independent / Reference Lab,Registration,,2025-10-27,197,120000,0,1730052655,BLOOD ON THE RUN INC.,291U00000X,2025-09-26,228,,,TOSHA,STRICKLAND,OWNER,2087604400
C45D2335072,S+,120,A_fresh_le_6mo,CNM,ORGNL_PRTCPTN_DT ≤ 6 months,"C-2_ORGNL_LE_6MO, Q-REGISTRATION, N-1_NPI_LAB_TAX_MATCH, S-1_STANDALONE, W-1_DOMAIN_LT_6MO",GILAN CLINICAL LABORATORY,,https://gilanclinicallaboratoryllc.com/,2026-04-13,29,"11999 KATY FWY, SUITE 225",,HOUSTON,TX,77079,(832) 553-8869,(832) 772-6321,45D2335072,Independent / Reference Lab,Registration,,2025-12-05,158,0,0,1962367383,GILAN CLINICAL LABORATORY LLC,291U00000X,2025-12-18,145,PART B SUPPLIER - INDEPENDENT CLINICAL LABORATORY,O20260128000277,MEHRAN,HAIDARI,OWNER,8325538869
C15D2339926,S+,115,A_fresh_le_6mo,CN,"CLIA + NPI, no Medicare — bullseye: licensed + billing-ready, pre-Medicare-paperwork","CMB_CN_NO_M, C-1_ORGNL_LE_3MO, Q-REGISTRATION, N-1_NPI_LAB_TAX_MATCH, A-1_REAL_MEDICAL",CROSSROADSLABS LLC,,,,,"513 RIDGE RD, SUITE 3",,MUNSTER,IN,46321,(872) 375-8142,,15D2339926,Independent / Reference Lab,Registration,,2026-03-10,63,500,0,1225984206,CROSSROADSLABS LLC,291U00000X,2026-03-10,63,,,UNKOWN,MOHAMMED SHAIBAZ,OWNER,8723758142
C10D2339550,S+,115,A_fresh_le_6mo,CN,"CLIA + NPI, no Medicare — bullseye: licensed + billing-ready, pre-Medicare-paperwork","CMB_CN_NO_M, C-1_ORGNL_LE_3MO, Q-REGISTRATION, N-1_NPI_LAB_TAX_MATCH, A-1_REAL_MEDICAL",CORNERSTONE DX LLC,,,,,516 LAKEVIEW RD SUITE 7,,CLEARWATER,FL,33756,(727) 632-2988,(866) 574-5374,10D2339550,Independent / Reference Lab,Registration,,2026-03-04,69,3000,0,1023945078,CORNERSTONE DX LLC.,291U00000X,2026-05-05,7,,,MITCHELL,PANTELIDES,OWNER,7274591479
C10D2332597,S+,115,B_6_to_12mo,CN,"CLIA + NPI, no Medicare — bullseye: licensed + billing-ready, pre-Medicare-paperwork","CMB_CN_NO_M, C-3_ORGNL_LE_12MO, Q-REGISTRATION, N-1_NPI_LAB_TAX_MATCH, S-1_STANDALONE",LUNAR LABORATORIES LLC,,,,,7805 SW ELLIPSE WAY SUITE A19,,STUART,FL,34997,(561) 288-8550,,10D2332597,Independent / Reference Lab,Registration,,2025-10-22,202,0,0,1033085816,LUNAR LABORATORIES LLC,291U00000X,2025-10-16,208,,,ANDREAS,MBAH,REGISTERED AGENT,3479886436
C03D2332019,S+,115,B_6_to_12mo,CN,"CLIA + NPI, no Medicare — bullseye: licensed + billing-ready, pre-Medicare-paperwork","CMB_CN_NO_M, C-3_ORGNL_LE_12MO, Q-REGISTRATION, N-1_NPI_LAB_TAX_MATCH, S-1_STANDALONE",SYBRO DIAGNOSTICS,,,,,10443 N CAVE CREEK RD STE 105,,PHOENIX,AZ,85020,(518) 920-8282,,03D2332019,Independent / Reference Lab,Registration,,2025-10-13,211,5000,0,1649136839,SYBRO DIAGNOSTICS LLC,291U00000X,2025-12-31,132,,,SYED IMRAN ALI,SHAH,OWNER,5189208282
C23D2327335,S+,115,B_6_to_12mo,CN,"CLIA + NPI, no Medicare — bullseye: licensed + billing-ready, pre-Medicare-paperwork","CMB_CN_NO_M, C-3_ORGNL_LE_12MO, Q-REGISTRATION, N-1_NPI_LAB_TAX_MATCH, S-1_STANDALONE",BEYOND PROFESSIONAL PATHOLOGY,,,,,44400 VAN DYKE AVENUE SUITE 102 A,,STERLING HEIGHTS,MI,48314,(248) 818-4925,,23D2327335,Independent / Reference Lab,Registration,,2025-07-22,294,0,0,1659240158,BEYOND PROFESSIONAL PATHOLOGY PLLC,291U00000X,2025-11-03,190,,,ROBERT,MANSI,DIRECTOR OF OPERATIONS,2488184925
C50D2339868,S+,110,A_fresh_le_6mo,C,"CLIA only — green field, no NPI/Medicare yet (could be very early or filing-light)","CMB_C_ONLY, C-1_ORGNL_LE_3MO, Q-COMPLIANCE, N-3_NPI_NONE",OLYMPIA ARTHRITIS AND REHABILITATION CLINIC,,https://summitrheumatology.com/washington/locations/olympia/,2022-06-19,1423,1212 HARRISON AVE NW,,OLYMPIA,WA,98502,(360) 754-6700,(360) 357-2202,50D2339868,Physician Office Lab,Compliance,,2026-03-09,64,8400,0,,,,,,,,,,,
C50D2339267,S+,110,A_fresh_le_6mo,C,"CLIA only — green field, no NPI/Medicare yet (could be very early or filing-light)","CMB_C_ONLY, C-1_ORGNL_LE_3MO, Q-COMPLIANCE, N-3_NPI_NONE",CASCADE PATHOLOGY SERVICES - TACOMA,,,,,"315 MARTIN LUTHER KING JR WAY, 4TH FLOOR PATHOLOGY",,TACOMA,WA,98405,(253) 403-1043,(253) 403-1357,50D2339267,Independent / Reference Lab,Compliance,,2026-02-26,75,47675,0,,,,,,,,,,,
C50D2339163,S+,110,A_fresh_le_6mo,C,"CLIA only — green field, no NPI/Medicare yet (could be very early or filing-light)","CMB_C_ONLY, C-1_ORGNL_LE_3MO, Q-COMPLIANCE, N-3_NPI_NONE",CASCADE PATHOLOGY SERVICES - ALLENMORE,,,,,1901 S UNION AVE 19U-H1-LAB,,TACOMA,WA,98405,(253) 459-6334,(253) 459-6203,50D2339163,Independent / Reference Lab,Compliance,,2026-02-24,77,12050,0,,,,,,,,,,,
C50D2338650,S+,110,A_fresh_le_6mo,C,"CLIA only — green field, no NPI/Medicare yet (could be very early or filing-light)","CMB_C_ONLY, C-1_ORGNL_LE_3MO, Q-COMPLIANCE, N-3_NPI_NONE",CLEAR CHOICE DERMATOLOGY,,https://www.clearchoicederm.com/schedule/appointment/port-angeles,2021-01-24,1934,602 E FRONT ST,,PORT ANGELES,WA,98362,(360) 200-0499,(541) 210-8913,50D2338650,Physician Office Lab,Compliance,,2026-02-13,88,500,0,,,,,,,,,,,
C34D2336641,S+,110,A_fresh_le_6mo,CN,"CLIA + NPI, no Medicare — bullseye: licensed + billing-ready, pre-Medicare-paperwork","CMB_CN_NO_M, C-2_ORGNL_LE_6MO, Q-REGISTRATION, N-1_NPI_LAB_TAX_MATCH, A-1_REAL_MEDICAL","ASHEVILLE PATHOLOGY PARTNERS, LLC",,https://www.ashevillepathology.com/,2024-12-23,505,142 AIRPORT ROAD SUITES I & J,,ARDEN,NC,28704,(912) 239-4235,,34D2336641,Independent / Reference Lab,Registration,,2026-01-07,125,300,0,1003761081,"ASHEVILLE PATHOLOGY PARTNERS, LLC",291U00000X,2026-03-04,69,,,SUNIL,CHANDRAS,PRESIDENT,4784427990
C05D2339344,S+,110,A_fresh_le_6mo,CN,"CLIA + NPI, no Medicare — bullseye: licensed + billing-ready, pre-Medicare-paperwork","CMB_CN_NO_M, C-1_ORGNL_LE_3MO, Q-REGISTRATION, N-1_NPI_LAB_TAX_MATCH, W-2_DOMAIN_LT_12MO","MATRIGENE LABORATORIES, INC",,https://matrigene.com/,2025-09-11,243,6618 SAN FERNANDO RD,,GLENDALE,CA,91201,(818) 658-2122,(818) 403-3386,05D2339344,Independent / Reference Lab,Registration,,2026-02-27,74,48000,0,1255288098,MATRIGENE LABORATORIES INC,291U00000X,2026-03-11,62,,,ANASTASIIA,GASPRIAN,CEO,8186582122
C05D2339162,S,105,A_fresh_le_6mo,CN,"CLIA + NPI, no Medicare — bullseye: licensed + billing-ready, pre-Medicare-paperwork","CMB_CN_NO_M, C-1_ORGNL_LE_3MO, Q-REGISTRATION, N-1_NPI_LAB_TAX_MATCH",BIOLOGY LAB INC,,,,,1720 COLORADO BLVD,,LOS ANGELES,CA,90041,(323) 643-5555,(323) 673-5555,05D2339162,Independent / Reference Lab,Registration,,2026-02-24,77,36000,0,1316887227,BIOLOGY LAB INC,291U00000X,2026-03-30,43,,,AHSAN,BASEER,TECHNICAL SUPERVISOR,7144931224
C36D2339037,S,105,A_fresh_le_6mo,CN,"CLIA + NPI, no Medicare — bullseye: licensed + billing-ready, pre-Medicare-paperwork","CMB_CN_NO_M, C-1_ORGNL_LE_3MO, Q-REGISTRATION, N-1_NPI_LAB_TAX_MATCH","CHOICE HEALTHCARE LABORATORY SERVICES, LLC",,,,,46850 DUTCH LANE ST,,ST CLAIRSVILLE,OH,43950,(740) 573-9572,(740) 391-4341,36D2339037,Independent / Reference Lab,Registration,,2026-02-23,78,0,0,1881550044,CHOICE HEALTHCARE LABORATORY SERVICES LLC,291U00000X,2025-12-31,132,,,HAROLD,RAMSEY,MANAGING MEMBER,3472420420
C50D2338427,S,105,A_fresh_le_6mo,C,"CLIA only — green field, no NPI/Medicare yet (could be very early or filing-light)","CMB_C_ONLY, C-2_ORGNL_LE_6MO, Q-COMPLIANCE, N-3_NPI_NONE",BELMAR CARDIOPULMONARY DIAGNOSTICS CENTER,,https://www.bcdctesting.com,2023-07-01,1046,520 112TH AVE NE STE 110,,BELLEVUE,WA,98004,(253) 256-2809,(253) 256-2857,50D2338427,Independent / Reference Lab,Compliance,,2026-02-10,91,250,0,,,,,,,,,,,
C50D2337475,S,105,A_fresh_le_6mo,C,"CLIA only — green field, no NPI/Medicare yet (could be very early or filing-light)","CMB_C_ONLY, C-2_ORGNL_LE_6MO, Q-COMPLIANCE, N-3_NPI_NONE",INCYTE PATHOLOGY - AUBURN MEDICAL CENTER BRANCH,,,,,202 N DIVISION ST. - INCYTE SUITE,,AUBURN,WA,98001,(253) 545-2699,(509) 892-2740,50D2337475,Independent / Reference Lab,Compliance,,2026-01-23,109,200,0,,,,,,,,,,,
C50D2337480,S,105,A_fresh_le_6mo,C,"CLIA only — green field, no NPI/Medicare yet (could be very early or filing-light)","CMB_C_ONLY, C-2_ORGNL_LE_6MO, Q-COMPLIANCE, N-3_NPI_NONE",INCYTE PATHOLOGY - GOOD SAMARITAN HOSPITAL BRANCH,,,,,401 15TH AVE SE,,PUYALLUP,WA,98372,(253) 697-2630,(509) 892-2740,50D2337480,Independent / Reference Lab,Compliance,,2026-01-23,109,30000,0,,,,,,,,,,,
C50D2336332,S,105,A_fresh_le_6mo,C,"CLIA only — green field, no NPI/Medicare yet (could be very early or filing-light)","CMB_C_ONLY, C-2_ORGNL_LE_6MO, Q-COMPLIANCE, N-3_NPI_NONE",SWISHER LAB FOR GYNECOLOGIC CANCER RESEARCH,,https://www.swisherlab.org/,2023-11-01,923,1705 NE PACIFIC ST BOX 356460,,SEATTLE,WA,98195,(206) 616-8330,,50D2336332,Independent / Reference Lab,Compliance,,2025-12-30,133,500,0,,,,,,,,,,,
C11D2335118,S,105,B_6_to_12mo,CN,"CLIA + NPI, no Medicare — bullseye: licensed + billing-ready, pre-Medicare-paperwork","CMB_CN_NO_M, C-2_ORGNL_LE_6MO, Q-REGISTRATION, N-1_NPI_LAB_TAX_MATCH, A-3_MULTI_TENANT_NON_MEDICAL, S-1_STANDALONE",SUMMIT CLINICAL LABORATORY INC,,,,,"1565 WOODINGTON CIRCLE, SUITE 103",,LAWRENCEVILLE,GA,30044,(888) 927-7940,(678) 682-7664,11D2335118,Independent / Reference Lab,Registration,,2025-12-05,158,2000,0,1922977263,SUMMIT CLINICAL LABORTARY INC,291U00000X,2025-11-04,189,,,MAHITH,DEVATHI,PRESIDENT,2174945752
C50D2335136,S,105,A_fresh_le_6mo,C,"CLIA only — green field, no NPI/Medicare yet (could be very early or filing-light)","CMB_C_ONLY, C-2_ORGNL_LE_6MO, Q-COMPLIANCE, N-3_NPI_NONE",INCYTE PATHOLOGY - RICHLAND BRANCH,,,,,221 WELLSIAN WAY,,RICHLAND,WA,99352,(509) 508-4519,,50D2335136,Independent / Reference Lab,Compliance,,2025-12-05,158,4000,0,,,,,,,,,,,
C50D2335139,S,105,A_fresh_le_6mo,C,"CLIA only — green field, no NPI/Medicare yet (could be very early or filing-light)","CMB_C_ONLY, C-2_ORGNL_LE_6MO, Q-COMPLIANCE, N-3_NPI_NONE",INCYTE PATHOLOGY - SPOKANE VALLEY BRANCH,,https://www.incytediagnostics.com/patient-services/patient-locations/,2013-01-17,4863,13103 E MANSFIELD AVE,,SPOKANE VALLEY,WA,99216,(509) 508-4519,,50D2335139,Independent / Reference Lab,Compliance,,2025-12-05,158,32000,0,,,,,,,,,,,
C50D2335140,S,105,A_fresh_le_6mo,C,"CLIA only — green field, no NPI/Medicare yet (could be very early or filing-light)","CMB_C_ONLY, C-2_ORGNL_LE_6MO, Q-COMPLIANCE, N-3_NPI_NONE",INCYTE PATHOLOGY - TUKWILA BRANCH,,,,,2811 S 102ND ST STE 170,,TUKWILA,WA,98168,(509) 508-4519,,50D2335140,Independent / Reference Lab,Compliance,,2025-12-05,158,4000,0,,,,,,,,,,,
C33D2334703,S,105,A_fresh_le_6mo,C,"CLIA only — green field, no NPI/Medicare yet (could be very early or filing-light)","CMB_C_ONLY, C-2_ORGNL_LE_6MO, Q-COMPLIANCE, N-3_NPI_NONE",NYU LANGONE HEALTH - PENN DISTRICT LABORATORY,,https://nyulangone.org/locations/nyu-langone-medical-associates-penn-district,2008-05-02,6584,"360 W 31ST ST, 3RD FL, RM 331",,NEW YORK,NY,10001,(212) 263-5471,,33D2334703,Independent / Reference Lab,Compliance,,2025-12-01,162,1,0,,,,,,,,,,,
C33D2334608,S,105,A_fresh_le_6mo,C,"CLIA only — green field, no NPI/Medicare yet (could be very early or filing-light)","CMB_C_ONLY, C-2_ORGNL_LE_6MO, Q-COMPLIANCE, N-3_NPI_NONE",MOUNT SINAI DERMATOPATHOLOGY LABORATORY,,https://www.mountsinai.org/care/dermatology/services/dermatopathology,1996-02-23,11036,"533 W 57TH ST, 6TH FL, STE B",,NEW YORK,NY,10019,(646) 493-1588,(646) 493-1773,33D2334608,Independent / Reference Lab,Compliance,,2025-11-25,168,1,0,,,,,,,,,,,
C45D2333748,S,105,B_6_to_12mo,CN,"CLIA + NPI, no Medicare — bullseye: licensed + billing-ready, pre-Medicare-paperwork","CMB_CN_NO_M, C-3_ORGNL_LE_12MO, Q-REGISTRATION, N-1_NPI_LAB_TAX_MATCH, A-3_MULTI_TENANT_NON_MEDICAL, S-1_STANDALONE, W-2_DOMAIN_LT_12MO",NOVAGEN CLINICAL LAB INC,,https://www.novagendx.com/,2025-10-04,220,11104 W AIRPORT BLVD STE 121,,STAFFORD,TX,77477,(346) 871-7332,(346) 980-4685,45D2333748,Independent / Reference Lab,Registration,,2025-11-10,183,0,0,1063380988,NOVAGEN CLINICAL LAB INC.,291U00000X,2025-10-24,200,,,NAJEEB,AHMED,PRESIDENT,3468717332
C40D2329974,S,105,B_6_to_12mo,CNM,ORGNL_PRTCPTN_DT ≤ 12 months,"C-3_ORGNL_LE_12MO, Q-COMPLIANCE, N-1_NPI_LAB_TAX_MATCH",LABORATORIO CLINICO BIENESTAR,,,,,CARR 2 KM 68 HM 9 BO SANTANA,,ARECIBO,PR,00612,(787) 306-7776,,40D2329974,Independent / Reference Lab,Compliance,,2025-09-09,245,5600,0,1801689492,LABORATORIO CLINICO BIENESTAR CORP.,291U00000X,2025-05-27,350,PART B SUPPLIER - INDEPENDENT CLINICAL LABORATORY,O20251201003089,GISSELLE,SANTIAGO,PRESIDENT,7873067776
C45D2338369,S,100,A_fresh_le_6mo,CN,"CLIA + NPI, no Medicare — bullseye: licensed + billing-ready, pre-Medicare-paperwork","CMB_CN_NO_M, C-2_ORGNL_LE_6MO, Q-REGISTRATION, N-1_NPI_LAB_TAX_MATCH",BIOGEN LAB TX LLC,,,,,2631 GATTIS SCHOOL RD BLDG 4 SUITE 450,,ROUND ROCK,TX,78664,(954) 204-3977,,45D2338369,Independent / Reference Lab,Registration,,2026-02-10,91,3000,0,1528921525,BIOGEN LAB TX LLC,291U00000X,2025-12-05,158,,,ASIM,SAIF,OWNER,2244408966
C03D2337862,S,100,A_fresh_le_6mo,CN,"CLIA + NPI, no Medicare — bullseye: licensed + billing-ready, pre-Medicare-paperwork","CMB_CN_NO_M, C-2_ORGNL_LE_6MO, Q-REGISTRATION, N-1_NPI_LAB_TAX_MATCH","CELLNETIX PATHOLOGY, PLLC",,https://cellnetix.com/divisions/arizona/,2005-07-05,7616,"1601 W ST MARY'S RD, PATHOLOGY DEPARTMENT",,TUCSON,AZ,85745,(206) 576-6050,(206) 215-5935,03D2337862,Independent / Reference Lab,Registration,,2026-01-30,102,34653,0,1407715113,"CELLNETIX LABS, LLC",291U00000X,2026-01-19,113,,,BYRON,KAERSTNER,CAO,2536781357
C10D2337214,S,100,A_fresh_le_6mo,CN,"CLIA + NPI, no Medicare — bullseye: licensed + billing-ready, pre-Medicare-paperwork","CMB_CN_NO_M, C-2_ORGNL_LE_6MO, Q-REGISTRATION, N-1_NPI_LAB_TAX_MATCH",REVIVE GENETICS LLC,,,,,9000 SW 152TH STREET SUITE 107,,PALMETTO BAY,FL,33157,(786) 250-3419,(786) 250-3474,10D2337214,Independent / Reference Lab,Registration,,2026-01-20,112,17290,0,1083568703,REVIVE GENETICS LLC,291U00000X,2026-02-21,80,,,FARZANEH,MODARRESI,OWNER,7862503419
C19D2336704,S,100,A_fresh_le_6mo,CN,"CLIA + NPI, no Medicare — bullseye: licensed + billing-ready, pre-Medicare-paperwork","CMB_CN_NO_M, C-2_ORGNL_LE_6MO, Q-REGISTRATION, N-1_NPI_LAB_TAX_MATCH",SIX POINT LABORATORY,,,,,738 CELEBRITY DR,,RUSTON,LA,71270,(318) 237-6572,,19D2336704,Independent / Reference Lab,Registration,,2026-01-08,124,0,0,1073478590,SIX POINT CONSULTING LLC,291U00000X,2025-12-17,146,,,DONOVAN,SHULTZ,CEO / OWNER,3182376572
C19D2336706,S,100,A_fresh_le_6mo,CN,"CLIA + NPI, no Medicare — bullseye: licensed + billing-ready, pre-Medicare-paperwork","CMB_CN_NO_M, C-2_ORGNL_LE_6MO, Q-REGISTRATION, N-1_NPI_LAB_TAX_MATCH",SIX POINT LABORATORY,,,,,1322 ELTON ROAD SUITE M,,JENNINGS,LA,70546,(318) 237-6572,,19D2336706,Independent / Reference Lab,Registration,,2026-01-08,124,0,0,1073478590,SIX POINT CONSULTING LLC,291U00000X,2025-12-17,146,,,DONOVAN,SHULTZ,CEO / OWNER,3182376572
C14D2336391,S,100,A_fresh_le_6mo,CN,"CLIA + NPI, no Medicare — bullseye: licensed + billing-ready, pre-Medicare-paperwork","CMB_CN_NO_M, C-2_ORGNL_LE_6MO, Q-REGISTRATION, N-1_NPI_LAB_TAX_MATCH",RUSH LAB LLC,,,,,3525 W PETERSON AVE - STE 113,,CHICAGO,IL,60659,(773) 313-5065,,14D2336391,Independent / Reference Lab,Registration,,2026-01-02,130,0,0,1144173832,RUSH LAB LLC,291U00000X,2026-02-20,81,,,WAQAS,MIRZA,MANAGING DIRECTOR,3125204582
C23D2335617,S,100,A_fresh_le_6mo,CN,"CLIA + NPI, no Medicare — bullseye: licensed + billing-ready, pre-Medicare-paperwork","CMB_CN_NO_M, C-2_ORGNL_LE_6MO, Q-REGISTRATION, N-1_NPI_LAB_TAX_MATCH",INSTALAB DX INC,,https://instalabdx.com/contact/,2025-09-26,228,29430 FORD ROAD,,GARDEN CITY,MI,48135,(313) 979-0792,,23D2335617,Independent / Reference Lab,Registration,,2025-12-15,148,0,0,1477412302,INSTALAB DX INC,291U00000X,2026-01-16,116,,,FADLALLAH,KASSEM,OWNER,3139790792
C23D2335273,S,100,A_fresh_le_6mo,CN,"CLIA + NPI, no Medicare — bullseye: licensed + billing-ready, pre-Medicare-paperwork","CMB_CN_NO_M, C-2_ORGNL_LE_6MO, Q-REGISTRATION, N-1_NPI_LAB_TAX_MATCH",VKTR LABS LLC,,,,,10241 JOY ROAD,,DETROIT,MI,48204,(248) 914-1681,,23D2335273,Independent / Reference Lab,Registration,,2025-12-09,154,0,0,1003779315,VKTR LABS LLC,291U00000X,2025-12-03,160,,,BENJAMIN,HOLLAWAY,OWNER,2489141681
C10D2335167,S,100,A_fresh_le_6mo,CN,"CLIA + NPI, no Medicare — bullseye: licensed + billing-ready, pre-Medicare-paperwork","CMB_CN_NO_M, C-2_ORGNL_LE_6MO, Q-REGISTRATION, N-1_NPI_LAB_TAX_MATCH",TRUPATH DIAGNOSTICS PLLC,,,,,1625 SW 4TH AVE,STE 201,BOCA RATON,FL,33432,(954) 650-7039,,10D2335167,Independent / Reference Lab,Registration,,2025-12-08,155,0,0,1851257299,"TRUPATH DIAGNOSTICS, PLLC",291U00000X,2025-12-30,133,,,MATTHEW,SOSA,CHIEF OPERATING OFFICER,3522324749
C99D2334652,S,100,A_fresh_le_6mo,C,"CLIA only — green field, no NPI/Medicare yet (could be very early or filing-light)","CMB_C_ONLY, C-2_ORGNL_LE_6MO, Q-ACCREDITATION, N-3_NPI_NONE",TEDDY CLINICAL RESEARCH LABORATORY (WUXI) LAB,,,,,"BUILDING A, XINGYE BUILDING, NO 97, LINGHU AVENUE",,,FN,,(051) 081-9998,,99D2334652,Independent / Reference Lab,Accreditation,CAP,2025-11-25,168,0,0,,,,,,,,,,,
C33D2332899,S,100,B_6_to_12mo,C,"CLIA only — green field, no NPI/Medicare yet (could be very early or filing-light)","CMB_C_ONLY, C-3_ORGNL_LE_12MO, Q-COMPLIANCE, N-3_NPI_NONE",REGENERON CLINICAL GENOMICS LABORATORY,,,,,785 OLD SAW MILL RIVER RD,,TARRYTOWN,NY,10591,(914) 847-7000,,33D2332899,Independent / Reference Lab,Compliance,,2025-10-27,197,1,0,,,,,,,,,,,
C33D2332274,S,100,B_6_to_12mo,C,"CLIA only — green field, no NPI/Medicare yet (could be very early or filing-light)","CMB_C_ONLY, C-3_ORGNL_LE_12MO, Q-COMPLIANCE, N-3_NPI_NONE",EAST SIDE ONCOLOGY ASSOCIATES PLLC,,https://www.americaninfusioncenters.com/about-us/,2016-07-07,3596,"11 BROADWAY, SUITE 2000",,NEW YORK,NY,10004,(212) 400-8384,(212) 400-8385,33D2332274,Physician Office Lab,Compliance,,2025-10-16,208,1500,0,,,,,,,,,,,
C33D2331668,S,100,B_6_to_12mo,C,"CLIA only — green field, no NPI/Medicare yet (could be very early or filing-light)","CMB_C_ONLY, C-3_ORGNL_LE_12MO, Q-COMPLIANCE, N-3_NPI_NONE",NORTH SHORE HEMATOLOGY ONCOLOGY ASSOC PC,DBA NEW YORK CANCER AND BLOOD SPECIALISTS,,,,"157 E 32ND STREET, 2ND FLOOR",,NEW YORK,NY,10016,(631) 675-3325,(631) 246-5827,33D2331668,Physician Office Lab,Compliance,,2025-10-07,217,63260,0,,,,,,,,,,,
C33D2331591,S,100,B_6_to_12mo,C,"CLIA only — green field, no NPI/Medicare yet (could be very early or filing-light)","CMB_C_ONLY, C-3_ORGNL_LE_12MO, Q-COMPLIANCE, N-3_NPI_NONE","NIGHTINGALE HEALTH UNITED STATES, INC, NY LAB",,https://nightingalehealth.com/news/nightingale-healths-u-s-laboratory-now-open/,2011-02-11,5569,"30-02 48TH AVE, STE 190-192",,LONG ISLAND CITY,NY,11101,(929) 769-2634,,33D2331591,Independent / Reference Lab,Compliance,,2025-10-06,218,1,0,,,,,,,,,,,
C45D2331539,S,100,B_6_to_12mo,CN,"CLIA + NPI, no Medicare — bullseye: licensed + billing-ready, pre-Medicare-paperwork","CMB_CN_NO_M, C-3_ORGNL_LE_12MO, Q-REGISTRATION, N-1_NPI_LAB_TAX_MATCH, A-3_MULTI_TENANT_NON_MEDICAL, S-1_STANDALONE",APEX DX LAB,,,,,17000 DALLAS PKWY STE 107,,DALLAS,TX,75248,(657) 254-6655,,45D2331539,Independent / Reference Lab,Registration,,2025-10-03,221,0,0,1972479640,APEX DX LAB LLC,291U00000X,2025-10-10,214,,,MOHAMMAD,MAHMOOD,OWNER,6572546655
C45D2331381,S,100,B_6_to_12mo,CN,"CLIA + NPI, no Medicare — bullseye: licensed + billing-ready, pre-Medicare-paperwork","CMB_CN_NO_M, C-3_ORGNL_LE_12MO, Q-REGISTRATION, N-1_NPI_LAB_TAX_MATCH, A-3_MULTI_TENANT_NON_MEDICAL, S-1_STANDALONE",GENIXA LABS LLC,,,,,3400 N CENTRAL EXPRESS WAY,,RICHARDSON,TX,75080,(945) 352-8121,,45D2331381,Independent / Reference Lab,Registration,,2025-09-30,224,0,0,1922973643,GENIXA LABS LLC,291U00000X,2025-10-10,214,,,CHIRANJEEVI,PAMIDI,OWNER,9453528121
C45D2331383,S,100,B_6_to_12mo,CN,"CLIA + NPI, no Medicare — bullseye: licensed + billing-ready, pre-Medicare-paperwork","CMB_CN_NO_M, C-3_ORGNL_LE_12MO, Q-REGISTRATION, N-1_NPI_LAB_TAX_MATCH, A-3_MULTI_TENANT_NON_MEDICAL, S-1_STANDALONE",GAYACORE LABS LLC,,,,,445 WALNUT HILL LN STE 133 A,,RICHARDSON,TX,75081,(207) 804-1247,,45D2331383,Independent / Reference Lab,Registration,,2025-09-30,224,0,0,1730058447,GAYACORE LABS LLC,291U00000X,2025-10-31,193,,,GAYATHRI,CHILAKAMARRI,OWNER,8723529472
C10D2331199,S,100,B_6_to_12mo,C,"CLIA only — green field, no NPI/Medicare yet (could be very early or filing-light)","CMB_C_ONLY, C-3_ORGNL_LE_12MO, Q-COMPLIANCE, N-3_NPI_NONE",BOCA FERTILITY INC,,https://bocafertility.com/contact/,1997-11-10,10410,255 SOUTHEAST 14TH ST SUITE 1A,,FORT LAUDERDALE,FL,33316,(561) 368-5500,(591) 368-4793,10D2331199,Physician Office Lab,Compliance,,2025-09-29,225,300,0,,,,,,,,,,,
C39D2330683,S,100,B_6_to_12mo,CN,"CLIA + NPI, no Medicare — bullseye: licensed + billing-ready, pre-Medicare-paperwork","CMB_CN_NO_M, C-3_ORGNL_LE_12MO, Q-REGISTRATION, N-1_NPI_LAB_TAX_MATCH, A-3_MULTI_TENANT_NON_MEDICAL, S-1_STANDALONE",SENIOR FIRST DIAGNOSTICS LLC,,,,,1 ALBERIGI DR,,JESSUP,PA,18434,(570) 291-8496,(866) 791-0425,39D2330683,Independent / Reference Lab,Registration,,2025-09-20,234,700,0,1427926526,SENIOR FIRST DIAGNOSTICS LLC,291U00000X,2025-10-29,195,,,DALTON,PAGANO,OWNER,3522553931
C45D2330659,S,100,B_6_to_12mo,CN,"CLIA + NPI, no Medicare — bullseye: licensed + billing-ready, pre-Medicare-paperwork","CMB_CN_NO_M, C-3_ORGNL_LE_12MO, Q-REGISTRATION, N-1_NPI_LAB_TAX_MATCH, A-3_MULTI_TENANT_NON_MEDICAL, S-1_STANDALONE",NOVA PATH LAB LLC,,,,,4100 SPRING VALLERY RD SUITE 172,,DALLAS,TX,75244,(972) 358-3502,,45D2330659,Independent / Reference Lab,Registration,,2025-09-19,235,0,0,1861367138,NOVA PATH LAB LLC,291U00000X,2025-10-07,217,,,AKHIL,PADIGELA,PRESIDENT,6824581355
C17D2330497,S,100,B_6_to_12mo,C,"CLIA only — green field, no NPI/Medicare yet (could be very early or filing-light)","CMB_C_ONLY, C-3_ORGNL_LE_12MO, Q-COMPLIANCE, N-3_NPI_NONE",BLUE SKY FERTILITY,,https://blueskyfertility.com/,2015-03-29,4062,9361 W 75TH STREET,,OVERLAND PARK,KS,66204,(913) 218-0162,(216) 600-2239,17D2330497,Physician Office Lab,Compliance,,2025-09-17,237,500,0,,,,,,,,,,,
C45D2330338,S,100,B_6_to_12mo,CN,"CLIA + NPI, no Medicare — bullseye: licensed + billing-ready, pre-Medicare-paperwork","CMB_CN_NO_M, C-3_ORGNL_LE_12MO, Q-REGISTRATION, N-1_NPI_LAB_TAX_MATCH, A-3_MULTI_TENANT_NON_MEDICAL, S-1_STANDALONE",MOLECULAR SOLUTIONS LAB LLC,,,,,13601 PRESTON RD SUTIE 788,,DALLAS,TX,75240,(940) 315-4607,,45D2330338,Independent / Reference Lab,Registration,,2025-09-15,239,0,0,1588530026,MOLECULAR SOLUTIONS LAB LLC,291U00000X,2025-10-13,211,,,ASHWITHA REDDY,NALIMELA,OWNER/PRESIDENT,9403154607
C33D2330213,S,100,B_6_to_12mo,C,"CLIA only — green field, no NPI/Medicare yet (could be very early or filing-light)","CMB_C_ONLY, C-3_ORGNL_LE_12MO, Q-COMPLIANCE, N-3_NPI_NONE","HUDSON DERMATOLOGY, PC",,https://hudsondermatology.com/contact/nanuet/,2004-08-06,7949,408 MARKET ST,,NANUET,NY,10954,(845) 896-7730,(845) 256-8100,33D2330213,Physician Office Lab,Compliance,,2025-09-12,242,75,0,,,,,,,,,,,
C10D2329944,S,100,B_6_to_12mo,C,"CLIA only — green field, no NPI/Medicare yet (could be very early or filing-light)","CMB_C_ONLY, C-3_ORGNL_LE_12MO, Q-COMPLIANCE, N-3_NPI_NONE",FLORIDA INSTITUTE OF DERMATOLOGY LLC,,https://flinstituteofderm.com/contact/locations,2019-10-31,2385,211 EDGEWOOD DR,,APOPKA,FL,32703,(321) 804-0120,(321) 804-0121,10D2329944,Physician Office Lab,Compliance,,2025-09-09,245,250,0,,,,,,,,,,,
C28D2329752,S,100,B_6_to_12mo,C,"CLIA only — green field, no NPI/Medicare yet (could be very early or filing-light)","CMB_C_ONLY, C-3_ORGNL_LE_12MO, Q-COMPLIANCE, N-3_NPI_NONE",SUMMIT PATHOLOGY,,,,,4021 AVENUE B,,SCOTTSBLUFF,NE,69361,(970) 212-0530,(970) 212-0558,28D2329752,Independent / Reference Lab,Compliance,,2025-09-05,249,15025,0,,,,,,,,,,,
C23D2328889,S,100,B_6_to_12mo,C,"CLIA only — green field, no NPI/Medicare yet (could be very early or filing-light)","CMB_C_ONLY, C-3_ORGNL_LE_12MO, Q-COMPLIANCE, N-3_NPI_NONE",DERMATOLOGY SPECIALISTS OF GRAND RAPIDS PLLC,,,,,1000 E PARIS AVENUE SE SUITE 104,,GRAND RAPIDS,MI,49546,(616) 369-1600,(616) 328-6189,23D2328889,Physician Office Lab,Compliance,,2025-08-19,266,500,0,,,,,,,,,,,
C44D2328588,S,100,B_6_to_12mo,C,"CLIA only — green field, no NPI/Medicare yet (could be very early or filing-light)","CMB_C_ONLY, C-3_ORGNL_LE_12MO, Q-COMPLIANCE, N-3_NPI_NONE",TENNESSEE VALLEY UROLOGY CENTER,,https://tnvalleyurology.com/contact/,2021-11-04,1650,6059 ARBURY WAY SECOND FLOOR,,OOLTEWAH,TN,37363,(423) 472-3201,(423) 476-4949,44D2328588,Physician Office Lab,Compliance,,2025-08-13,272,900,0,,,,,,,,,,,
C44D2328591,S,100,B_6_to_12mo,C,"CLIA only — green field, no NPI/Medicare yet (could be very early or filing-light)","CMB_C_ONLY, C-3_ORGNL_LE_12MO, Q-COMPLIANCE, N-3_NPI_NONE",TENNESSEE VALLEY UROLOGY CENTER,,https://tnvalleyurology.com/contact/,2021-11-04,1650,719 COOK DR SUITE 114,,ATHENS,TN,37303,(423) 472-3201,(423) 476-4949,44D2328591,Physician Office Lab,Compliance,,2025-08-13,272,2000,0,,,,,,,,,,,
C40D2328499,S,100,B_6_to_12mo,C,"CLIA only — green field, no NPI/Medicare yet (could be very early or filing-light)","CMB_C_ONLY, C-3_ORGNL_LE_12MO, Q-COMPLIANCE, N-3_NPI_NONE",LABORATORO CLINICO BORIQNUEN- RIVER TOWN,,,,,"BO JUAN SANCHEZ, CALLE 1",,BAYAMON,PR,00959,(787) 743-0330,,40D2328499,Independent / Reference Lab,Compliance,,2025-08-12,273,39900,0,,,,,,,,,,,
C50D2328278,S,100,B_6_to_12mo,C,"CLIA only — green field, no NPI/Medicare yet (could be very early or filing-light)","CMB_C_ONLY, C-3_ORGNL_LE_12MO, Q-COMPLIANCE, N-3_NPI_NONE",CLEAR CHOICE DERMATOLOGY,,https://www.clearchoicederm.com/contact,2021-01-24,1934,5901 STEILACOOM BLVD SW,,LAKEWOOD,WA,98499,(253) 363-9199,(541) 210-8913,50D2328278,Physician Office Lab,Compliance,,2025-08-06,279,500,0,,,,,,,,,,,
C50D2328279,S,100,B_6_to_12mo,C,"CLIA only — green field, no NPI/Medicare yet (could be very early or filing-light)","CMB_C_ONLY, C-3_ORGNL_LE_12MO, Q-COMPLIANCE, N-3_NPI_NONE",EPIPHANY DERMATOLOGY,,https://www.epiphanydermatology.com/location/bellevue-wa/,2014-10-27,4215,1200 112TH AVE NE BLDG C STE C-210,,BELLEVUE,WA,98004,(425) 458-0073,(425) 458-0074,50D2328279,Physician Office Lab,Compliance,,2025-08-06,279,900,0,,,,,,,,,,,
C34D2328082,S,100,B_6_to_12mo,C,"CLIA only — green field, no NPI/Medicare yet (could be very early or filing-light)","CMB_C_ONLY, C-3_ORGNL_LE_12MO, Q-COMPLIANCE, N-3_NPI_NONE","JEFFERS, MANN AND ARTMAN PEDIATRICS",,https://www.jeffersandmann.com/rolesville-pediatrician-office.php,1999-06-25,9818,831 S MAIN STREET SUITE 103,,ROLESVILLE,NC,27571,(919) 746-0550,(984) 200-0124,34D2328082,Physician Office Lab,Compliance,,2025-08-05,280,4054,0,,,,,,,,,,,
C08D2327663,S,100,B_6_to_12mo,C,"CLIA only — green field, no NPI/Medicare yet (could be very early or filing-light)","CMB_C_ONLY, C-3_ORGNL_LE_12MO, Q-COMPLIANCE, N-3_NPI_NONE",FIRST UROLOGY,,,,,700 W LEA BLVD STE104A,,WILMINGTON,DE,19802,(302) 553-1317,,08D2327663,Physician Office Lab,Compliance,,2025-07-28,288,100000,0,,,,,,,,,,,
C10D2327580,S,100,B_6_to_12mo,C,"CLIA only — green field, no NPI/Medicare yet (could be very early or filing-light)","CMB_C_ONLY, C-3_ORGNL_LE_12MO, Q-COMPLIANCE, N-3_NPI_NONE",WEST FLORIDA MEDICAL CENTER CLINIC PA,,https://www.medicalcenterclinic.com/,1999-06-17,9826,8333 NORTH DAVIS HWY 6TH FL,,PENSACOLA,FL,32514,(850) 474-8386,(850) 474-8522,10D2327580,Physician Office Lab,Compliance,,2025-07-24,292,1600,0,,,,,,,,,,,
C49D2327559,S,100,B_6_to_12mo,C,"CLIA only — green field, no NPI/Medicare yet (could be very early or filing-light)","CMB_C_ONLY, C-3_ORGNL_LE_12MO, Q-COMPLIANCE, N-3_NPI_NONE",WINCHESTER GASTROENTEROLOGY ASSOCIATES-,HISTOPATHOLOGY LAB,https://www.winchestergastro.com/,2011-06-03,5457,"17340 PICKWICK DR, SUITE 130",,PURCELLVILLE,VA,20132,(540) 667-1244,(540) 662-1187,49D2327559,Physician Office Lab,Compliance,,2025-07-24,292,4500,0,,,,,,,,,,,
C23D2327422,S,100,B_6_to_12mo,C,"CLIA only — green field, no NPI/Medicare yet (could be very early or filing-light)","CMB_C_ONLY, C-3_ORGNL_LE_12MO, Q-COMPLIANCE, N-3_NPI_NONE",DECKER DERMATOLOGY & MOHS SURGERY,,https://deckerdermatology.com/,2024-09-28,591,16835 KERCHEVAL AVE,,GROSSE POINTE,MI,48230,(313) 777-7546,,23D2327422,Physician Office Lab,Compliance,,2025-07-22,294,25,0,,,,,,,,,,,
C33D2327266,S,100,B_6_to_12mo,C,"CLIA only — green field, no NPI/Medicare yet (could be very early or filing-light)","CMB_C_ONLY, C-3_ORGNL_LE_12MO, Q-COMPLIANCE, N-3_NPI_NONE",NORTHWELL HEALTH FERTILITY,,https://www.northwell.edu/obstetrics-and-gynecology/fertility/find-care/locations/smithtown,,,"285 MIDDLE COUNTRY ROAD, SUITE 100",,SMITHTOWN,NY,11787,(631) 650-2229,(631) 670-2137,33D2327266,Physician Office Lab,Compliance,,2025-07-21,295,1,0,,,,,,,,,,,
C33D2327152,S,100,B_6_to_12mo,C,"CLIA only — green field, no NPI/Medicare yet (could be very early or filing-light)","CMB_C_ONLY, C-3_ORGNL_LE_12MO, Q-COMPLIANCE, N-3_NPI_NONE","JRR MEDICAL, PC",,,,,"380 2ND AVENUE, CONCOURSE A, STE 1",,NEW YORK,NY,10010,(718) 210-2960,,33D2327152,Independent / Reference Lab,Compliance,,2025-07-17,299,1,0,,,,,,,,,,,
C01D2327017,S,100,B_6_to_12mo,C,"CLIA only — green field, no NPI/Medicare yet (could be very early or filing-light)","CMB_C_ONLY, C-3_ORGNL_LE_12MO, Q-COMPLIANCE, N-3_NPI_NONE",SOUTHEAST CLINICAL LABORATORIES - WALKER MEDICAL,,,,,1446 JONES DAIRY ROAD,,JASPER,AL,35501,(205) 918-7156,(205) 918-7126,01D2327017,Independent / Reference Lab,Compliance,,2025-07-15,301,230000,0,,,,,,,,,,,
C23D2327064,S,100,B_6_to_12mo,C,"CLIA only — green field, no NPI/Medicare yet (could be very early or filing-light)","CMB_C_ONLY, C-3_ORGNL_LE_12MO, Q-COMPLIANCE, N-3_NPI_NONE",ART OF DERMATOLOGY,,https://theartofderm.com/michigan-locations/berkley/,2018-02-08,3015,28905 WOODWARD AVENUE,,BERKLEY,MI,48072,(248) 581-0333,,23D2327064,Physician Office Lab,Compliance,,2025-07-15,301,500,0,,,,,,,,,,,
C17D2326824,S,100,B_6_to_12mo,C,"CLIA only — green field, no NPI/Medicare yet (could be very early or filing-light)","CMB_C_ONLY, C-3_ORGNL_LE_12MO, Q-COMPLIANCE, N-3_NPI_NONE",PRECISION DERMATOLOGY AND SKIN CANCER CENTER,,https://www.precisiondermcenter.com,2025-04-01,406,9009 ROE,,PRAIRIE VILLAGE,KS,66207,(913) 303-7377,(913) 344-3113,17D2326824,Physician Office Lab,Compliance,,2025-07-10,306,1000,0,,,,,,,,,,,
C19D2326692,S,100,B_6_to_12mo,C,"CLIA only — green field, no NPI/Medicare yet (could be very early or filing-light)","CMB_C_ONLY, C-3_ORGNL_LE_12MO, Q-COMPLIANCE, N-3_NPI_NONE",POSITIVE STEPS FERTILITY,,https://positivestepsfertility.com/locations/louisiana/slidell-fertility-clinic,2017-08-10,3197,300 GATEWAY DRIVE,,SLIDELL,LA,70461,(985) 265-7907,(601) 202-4685,19D2326692,Physician Office Lab,Compliance,,2025-07-08,308,200,0,,,,,,,,,,,
C50D2326703,S,100,B_6_to_12mo,C,"CLIA only — green field, no NPI/Medicare yet (could be very early or filing-light)","CMB_C_ONLY, C-3_ORGNL_LE_12MO, Q-COMPLIANCE, N-3_NPI_NONE",FRONTIER DERMATOLOGY,,https://www.frontierdermatology.com/location/ballard/,2022-07-25,1387,5350 TALLMAN AVE NW STE 510,,SEATTLE,WA,98107,(206) 531-3114,(425) 688-8850,50D2326703,Physician Office Lab,Compliance,,2025-07-08,308,1000,0,,,,,,,,,,,
C33D2326528,S,100,B_6_to_12mo,C,"CLIA only — green field, no NPI/Medicare yet (could be very early or filing-light)","CMB_C_ONLY, C-3_ORGNL_LE_12MO, Q-COMPLIANCE, N-3_NPI_NONE","MEDPATH DIAGNOSTICS, INC",,https://medpathdiagnostics.com/,2021-06-13,1794,"1735 NORTH OCEAN AVE, SUITE A",,MEDFORD,NY,11763,(631) 599-3719,,33D2326528,Independent / Reference Lab,Compliance,,2025-07-07,309,1,0,,,,,,,,,,,
C45D2326567,S,100,B_6_to_12mo,C,"CLIA only — green field, no NPI/Medicare yet (could be very early or filing-light)","CMB_C_ONLY, C-3_ORGNL_LE_12MO, Q-COMPLIANCE, N-3_NPI_NONE",FULL CIRCLE DERMATOLOGY,,https://www.fullcircledermatology.com/,2023-09-11,974,819 PEAKWOOD DR,,HOUSTON,TX,77090,(281) 645-5013,(713) 903-7958,45D2326567,Physician Office Lab,Compliance,,2025-07-07,309,1000,0,,,,,,,,,,,
C10D2326388,S,100,B_6_to_12mo,C,"CLIA only — green field, no NPI/Medicare yet (could be very early or filing-light)","CMB_C_ONLY, C-3_ORGNL_LE_12MO, Q-COMPLIANCE, N-3_NPI_NONE","ESTERO DERMATOLOGY & SKIN SURGERY CENTER, LLC",,https://www.houckdermatology.com/,2014-09-09,4263,10200 ARCOS AVENUE SUITE 201,,ESTERO,FL,33928,(239) 390-3376,(239) 333-0474,10D2326388,Physician Office Lab,Compliance,,2025-07-02,314,1200,0,,,,,,,,,,,
C14D2326412,S,100,B_6_to_12mo,C,"CLIA only — green field, no NPI/Medicare yet (could be very early or filing-light)","CMB_C_ONLY, C-3_ORGNL_LE_12MO, Q-COMPLIANCE, N-3_NPI_NONE",QUINCY MEDICAL GROUP - DERMATOLOGY NON-MOHS,,https://www.quincymedgroup.com/services/dermatology,1997-10-10,10441,1025 MAINE ST - 1ST FLOOR,,QUINCY,IL,62301,(217) 222-6550,(217) 224-7945,14D2326412,Physician Office Lab,Compliance,,2025-07-02,314,240,0,,,,,,,,,,,
C26D2326307,S,100,B_6_to_12mo,C,"CLIA only — green field, no NPI/Medicare yet (could be very early or filing-light)","CMB_C_ONLY, C-3_ORGNL_LE_12MO, Q-COMPLIANCE, N-3_NPI_NONE","PANOME BIO, INC",,https://panomebio.com/,2022-07-12,1400,"4340 DUNCAN AVE, SUITE 286",,SAINT LOUIS,MO,63110,(618) 971-6474,,26D2326307,Independent / Reference Lab,Compliance,,2025-07-01,315,100,0,,,,,,,,,,,
C33D2326225,S,100,B_6_to_12mo,C,"CLIA only — green field, no NPI/Medicare yet (could be very early or filing-light)","CMB_C_ONLY, C-3_ORGNL_LE_12MO, Q-COMPLIANCE, N-3_NPI_NONE",NSHOA,DBA NEW YORK CANCER AND BLOOD SPECIALISTS,,,,210 E 86TH STREET 6TH FLOOR,,NEW YORK,NY,10028,(631) 675-3325,(631) 246-5827,33D2326225,Physician Office Lab,Compliance,,2025-06-30,316,1200,0,,,,,,,,,,,
C08D2325966,S,100,B_6_to_12mo,C,"CLIA only — green field, no NPI/Medicare yet (could be very early or filing-light)","CMB_C_ONLY, C-3_ORGNL_LE_12MO, Q-COMPLIANCE, N-3_NPI_NONE",DELAWARE PCR PARTNER,,,,,700 W LEA BLVD STE 104,,WILMINGTON,DE,19802,(267) 671-2254,,08D2325966,Physician Office Lab,Compliance,,2025-06-24,322,55000,0,,,,,,,,,,,
C50D2325997,S,100,B_6_to_12mo,C,"CLIA only — green field, no NPI/Medicare yet (could be very early or filing-light)","CMB_C_ONLY, C-3_ORGNL_LE_12MO, Q-COMPLIANCE, N-3_NPI_NONE",MULTICARE TOXICOLOGY LABORATORY,,https://www.multicare.org/services/laboratory-services/,,,12401 E MARGINAL WAY S,,TUKWILA,WA,98168,(206) 408-4374,(206) 408-4112,50D2325997,Independent / Reference Lab,Compliance,,2025-06-24,322,8000,0,,,,,,,,,,,
C33D2325866,S,100,B_6_to_12mo,C,"CLIA only — green field, no NPI/Medicare yet (could be very early or filing-light)","CMB_C_ONLY, C-3_ORGNL_LE_12MO, Q-COMPLIANCE, N-3_NPI_NONE",PETER CHARLES KLATSKY MD FERTILITY PC,,https://springfertility.com/,2010-12-29,5613,700 STEWART AVE SUITE 200,,GARDEN CITY,NY,11530,(646) 568-5638,(646) 568-5637,33D2325866,Physician Office Lab,Compliance,,2025-06-23,323,2400,0,,,,,,,,,,,
C34D2325804,S,100,B_6_to_12mo,C,"CLIA only — green field, no NPI/Medicare yet (could be very early or filing-light)","CMB_C_ONLY, C-3_ORGNL_LE_12MO, Q-COMPLIANCE, N-3_NPI_NONE",CENTRAL DERMATOLOGY CENTER,,https://www.centraldermcenter.com/boyd-hall,2016-06-24,3609,55 VILCOM CENTER STE 130,,CHAPEL HILL,NC,27514,(919) 401-1994,(919) 401-1924,34D2325804,Physician Office Lab,Compliance,,2025-06-20,326,500,0,,,,,,,,,,,
C45D2325798,S,100,B_6_to_12mo,C,"CLIA only — green field, no NPI/Medicare yet (could be very early or filing-light)","CMB_C_ONLY, C-3_ORGNL_LE_12MO, Q-COMPLIANCE, N-3_NPI_NONE",CITIZENS MOHS SURGERY & DERMATOLOGY CENTER,,https://www.cmcvictoria.com/dermatology,2025-05-09,368,9410 NE ZAC LENTZ PARKWAY,,VICTORIA,TX,77904,(361) 574-1577,(361) 574-1583,45D2325798,Physician Office Lab,Compliance,,2025-06-20,326,1000,0,,,,,,,,,,,
C10D2325340,S,100,B_6_to_12mo,C,"CLIA only — green field, no NPI/Medicare yet (could be very early or filing-light)","CMB_C_ONLY, C-3_ORGNL_LE_12MO, Q-COMPLIANCE, N-3_NPI_NONE",AMC HLWD LLC,,,,,2514 HOLLYWOOD BLVD SUITE 105,,HOLLYWOOD,FL,33020,(754) 291-6753,(954) 368-9842,10D2325340,Physician Office Lab,Compliance,,2025-06-11,335,2000,0,,,,,,,,,,,
C33D2325342,S,100,B_6_to_12mo,C,"CLIA only — green field, no NPI/Medicare yet (could be very early or filing-light)","CMB_C_ONLY, C-3_ORGNL_LE_12MO, Q-COMPLIANCE, N-3_NPI_NONE",NEW YORK MEDICINE GASTROENTEROLOGY PLLC,,https://thegipractice.com/,2021-08-10,1736,2900 HEMPSTEAD TPKE SUITE 203,,LEVITTOWN,NY,11756,(718) 224-1642,(718) 691-7084,33D2325342,Physician Office Lab,Compliance,,2025-06-11,335,1000,0,,,,,,,,,,,
C40D2325257,S,100,B_6_to_12mo,C,"CLIA only — green field, no NPI/Medicare yet (could be very early or filing-light)","CMB_C_ONLY, C-3_ORGNL_LE_12MO, Q-COMPLIANCE, N-3_NPI_NONE",PHP ELITE CARE CLINICAL  LAB,,,,,"CARR, PR-2, KM 122, BO CAIMITAL ALTO",,AGUADILLA,PR,00603,(787) 641-0171,,40D2325257,Independent / Reference Lab,Compliance,,2025-06-10,336,6150,0,,,,,,,,,,,
C50D2325214,S,100,B_6_to_12mo,C,"CLIA only — green field, no NPI/Medicare yet (could be very early or filing-light)","CMB_C_ONLY, C-3_ORGNL_LE_12MO, Q-COMPLIANCE, N-3_NPI_NONE",SURGICAL ASSOCIATES NW,DIVISION OF LABORATORY SCIENCE,https://www.sanw.org/about/our-locations/federal-way-office/,,,34612 6TH AVE S STE 100,,FEDERAL WAY,WA,98003,(206) 854-2460,,50D2325214,Physician Office Lab,Compliance,,2025-06-09,337,3000,0,,,,,,,,,,,
C33D2325020,S,100,B_6_to_12mo,C,"CLIA only — green field, no NPI/Medicare yet (could be very early or filing-light)","CMB_C_ONLY, C-3_ORGNL_LE_12MO, Q-COMPLIANCE, N-3_NPI_NONE",GASTROCARE LI,,https://gastrocareli.com/,1999-07-22,9791,"210 E SUNRISE HWY, #304",,VALLEY STREAM,NY,11581,(516) 825-8484,,33D2325020,Independent / Reference Lab,Compliance,,2025-06-05,341,1,0,,,,,,,,,,,
C50D2325065,S,100,B_6_to_12mo,C,"CLIA only — green field, no NPI/Medicare yet (could be very early or filing-light)","CMB_C_ONLY, C-3_ORGNL_LE_12MO, Q-COMPLIANCE, N-3_NPI_NONE",CEDAR RIVER CLINICS,,https://cedarriverclinics.org/renton/,,,601 S CARR RD,,RENTON,WA,98055,(425) 255-0471,(425) 255-0262,50D2325065,Physician Office Lab,Compliance,,2025-06-05,341,1000,0,,,,,,,,,,,
C50D2325066,S,100,B_6_to_12mo,C,"CLIA only — green field, no NPI/Medicare yet (could be very early or filing-light)","CMB_C_ONLY, C-3_ORGNL_LE_12MO, Q-COMPLIANCE, N-3_NPI_NONE",CEDAR RIVER CLINICS,,https://cedarriverclinics.org/tacoma/,,,1401 MARTIN LUTHER KING JR WAY,,TACOMA,WA,98405,(425) 255-0471,(425) 255-0262,50D2325066,Physician Office Lab,Compliance,,2025-06-05,341,500,0,,,,,,,,,,,
C25D2325034,S,100,B_6_to_12mo,C,"CLIA only — green field, no NPI/Medicare yet (could be very early or filing-light)","CMB_C_ONLY, C-3_ORGNL_LE_12MO, Q-COMPLIANCE, N-3_NPI_NONE",WEBSTER URGENT CARE- CALEDONIA,,https://www.websterurgent.com/,2017-07-25,3213,39 SOUTH ST,,CALEDONIA,MS,39740,(662) 356-1560,(662) 356-1569,25D2325034,Physician Office Lab,Compliance,,2025-06-05,341,2583,0,,,,,,,,,,,
C14D2324628,S,100,B_6_to_12mo,C,"CLIA only — green field, no NPI/Medicare yet (could be very early or filing-light)","CMB_C_ONLY, C-3_ORGNL_LE_12MO, Q-COMPLIANCE, N-3_NPI_NONE",MCS DERMATOLOGY PLLC,,https://mcsdermatology.com/,2024-11-27,531,"800 BIESTERFIELD RD, STE #565",,ELK GROVE VILLAGE,IL,60007,(224) 800-1668,(224) 255-4180,14D2324628,Physician Office Lab,Compliance,,2025-05-29,348,45,0,,,,,,,,,,,
C39D2324472,S,100,B_6_to_12mo,C,"CLIA only — green field, no NPI/Medicare yet (could be very early or filing-light)","CMB_C_ONLY, C-3_ORGNL_LE_12MO, Q-COMPLIANCE, N-3_NPI_NONE",DERMATOLOGY PARTNERS- LANSDALE,,https://www.dermpartners.com/locations/dermatology-partners-lansdale,2001-07-15,9067,1709 N BROAD STREET,,LANSDALE,PA,19446,(215) 362-5555,(215) 362-6353,39D2324472,Physician Office Lab,Compliance,,2025-05-27,350,100,0,,,,,,,,,,,
C40D2324475,S,100,B_6_to_12mo,C,"CLIA only — green field, no NPI/Medicare yet (could be very early or filing-light)","CMB_C_ONLY, C-3_ORGNL_LE_12MO, Q-COMPLIANCE, N-3_NPI_NONE",LABORATORIO CLINICO BORINQUEN-PLAZA PALMA REAL,,https://laboratoriosborinquen.com/sucursales-mapa/,2005-04-15,7697,CENTRO COMERCIAL PALMA REAL CARR 3 KM 79 HM 2,,HUMACAO,PR,00791,(787) 850-0330,,40D2324475,Independent / Reference Lab,Compliance,,2025-05-27,350,38400,0,,,,,,,,,,,
C14D2324463,S,100,B_6_to_12mo,C,"CLIA only — green field, no NPI/Medicare yet (could be very early or filing-light)","CMB_C_ONLY, C-3_ORGNL_LE_12MO, Q-COMPLIANCE, N-3_NPI_NONE",BETTER BODY CONNECTION,,https://betterbodyconnection.com/,2024-08-23,627,2434 E DEMPSTER ST - SUITE 102,,DES PLAINES,IL,60016,(847) 322-0099,,14D2324463,Physician Office Lab,Compliance,,2025-05-23,354,720,0,,,,,,,,,,,
C44D2324410,S,100,B_6_to_12mo,C,"CLIA only — green field, no NPI/Medicare yet (could be very early or filing-light)","CMB_C_ONLY, C-3_ORGNL_LE_12MO, Q-COMPLIANCE, N-3_NPI_NONE","TENNESSEE ONCOLOGY, PLLC",DBA TENNESSEE ONCOLOGY-ELLISTON PLACE CENTRAL LAB,https://tnoncology.com/locations/elliston-place-plaza-medical-oncology-hematology/,2000-03-16,9553,"322 22ND AVENUE NORTH, SUITE 130 & 200",,NASHVILLE,TN,37203,(629) 236-2055,(629) 236-2090,44D2324410,Physician Office Lab,Compliance,,2025-05-23,354,29307,0,,,,,,,,,,,
C33D2324331,S,100,B_6_to_12mo,C,"CLIA only — green field, no NPI/Medicare yet (could be very early or filing-light)","CMB_C_ONLY, C-3_ORGNL_LE_12MO, Q-COMPLIANCE, N-3_NPI_NONE",NSHOA,DBA NEW YORK CANCER BLOOD SPECIALIST,,,,500 W 181 STREET 9TH FLOOR,,NEW YORK,NY,10033,(631) 675-3325,(631) 246-5827,33D2324331,Physician Office Lab,Compliance,,2025-05-22,355,50000,0,,,,,,,,,,,
C33D2324334,S,100,B_6_to_12mo,C,"CLIA only — green field, no NPI/Medicare yet (could be very early or filing-light)","CMB_C_ONLY, C-3_ORGNL_LE_12MO, Q-COMPLIANCE, N-3_NPI_NONE",LUZATO MEDICAL GROUP PC,,https://luzatomedicalgroup.com/,2012-12-19,4892,50 EAST 42ND STREET STE # 508,,NEW YORK,NY,10017,(212) 661-7003,(212) 661-7005,33D2324334,Physician Office Lab,Compliance,,2025-05-22,355,20331,0,,,,,,,,,,,
C33D2323914,S,100,B_6_to_12mo,C,"CLIA only — green field, no NPI/Medicare yet (could be very early or filing-light)","CMB_C_ONLY, C-3_ORGNL_LE_12MO, Q-COMPLIANCE, N-3_NPI_NONE",OPTUM MEDICAL CARE PC,,https://east.optum.com/multispecialtycenter/port-jefferson-station/,,,1500 ROUTE 112 BUILDING 1 SUITE 202,,PORT JEFFERSON STATION,NY,11776,(516) 921-7546,(516) 921-6460,33D2323914,Physician Office Lab,Compliance,,2025-05-15,362,200,0,,,,,,,,,,,
C10D2323898,S,100,B_6_to_12mo,C,"CLIA only — green field, no NPI/Medicare yet (could be very early or filing-light)","CMB_C_ONLY, C-3_ORGNL_LE_12MO, Q-COMPLIANCE, N-3_NPI_NONE",MEDIPATH LLC,,,,,10151 DEERWOOD PARK BLVD S-250 BLDG 200,,JACKSONVILLE,FL,32256,(786) 464-0749,(786) 953-5764,10D2323898,Independent / Reference Lab,Compliance,,2025-05-15,362,12000,0,,,,,,,,,,,
C17D2323726,S,100,B_6_to_12mo,C,"CLIA only — green field, no NPI/Medicare yet (could be very early or filing-light)","CMB_C_ONLY, C-3_ORGNL_LE_12MO, Q-COMPLIANCE, N-3_NPI_NONE",TUKHS INDIAN CREEK DERMATOLOGY,,https://www.kansashealthsystem.com/locations/indian-creek-medical-pavilion-10740,2011-07-31,5399,"10740 NALL AVE, SUITE 300",,OVERLAND PARK,KS,66211,(913) 588-6028,,17D2323726,Physician Office Lab,Compliance,,2025-05-13,364,2430,0,,,,,,,,,,,
C10D2337377,S,100,A_fresh_le_6mo,CN,"CLIA + NPI, no Medicare — bullseye: licensed + billing-ready, pre-Medicare-paperwork","CMB_CN_NO_M, C-2_ORGNL_LE_6MO, Q-REGISTRATION, N-1_NPI_LAB_TAX_MATCH, A-3_MULTI_TENANT_NON_MEDICAL, W-1_DOMAIN_LT_6MO",LOTUS PREMIER DIAGNOSTICS LLC,,https://lotusdxlab.com/,2025-12-16,147,10800 BISCAYNE BLVD STE 725,,MIAMI,FL,33161,(786) 706-4786,(786) 706-5677,10D2337377,Independent / Reference Lab,Registration,,2026-01-22,110,100000,0,1881558096,LOTUS PREMIER DIAGNOSTICS LLC,291U00000X,2025-12-11,152,,,ELLIOT,SCHARF,COO,7867064786
C45D2332200,S,100,B_6_to_12mo,CNM,ORGNL_PRTCPTN_DT ≤ 12 months,"C-3_ORGNL_LE_12MO, Q-REGISTRATION, N-1_NPI_LAB_TAX_MATCH, S-1_STANDALONE",PURECARE DIAGNOSTICS,,,,,2743 SMITH RANCH RD STE 2503,,PEARLAND,TX,77584,(713) 299-2951,9797253104,45D2332200,Independent / Reference Lab,Registration,,2025-10-15,209,0,0,1730053166,PURECARE DIAGNOSTICS,291U00000X,2025-09-30,224,PART B SUPPLIER - INDEPENDENT CLINICAL LABORATORY,O20260112003542,KHADER,SYED,CEO,7133792780
C10D2330441,S,100,B_6_to_12mo,CNM,ORGNL_PRTCPTN_DT ≤ 12 months,"C-3_ORGNL_LE_12MO, Q-REGISTRATION, N-1_NPI_LAB_TAX_MATCH, S-1_STANDALONE",HEALTH SOLUTION LAB INC,,,,,3001 SW 10TH STREET SUITE 238,,POMPANO BEACH,FL,33069,(410) 746-4763,9549444231,10D2330441,Independent / Reference Lab,Registration,,2025-09-16,238,0,0,1053288001,HEALTH SOLUTION LAB INC,291U00000X,2025-10-22,202,PART B SUPPLIER - INDEPENDENT CLINICAL LABORATORY,O20251231002990,VAL,GORODISKY,OWNER,4107464763
C19D2329037,S,100,B_6_to_12mo,CNM,ORGNL_PRTCPTN_DT ≤ 12 months,"C-3_ORGNL_LE_12MO, Q-REGISTRATION, N-1_NPI_LAB_TAX_MATCH, S-1_STANDALONE",ATHENA LABS LLC,,,,,3106 HOUMA BLVD SUITE 2,,METAIRIE,LA,70006,(561) 568-1791,,19D2329037,Independent / Reference Lab,Registration,,2025-08-21,264,31080,0,1942177738,ATHENA LABS LLC,291U00000X,2025-10-17,207,PART B SUPPLIER - INDEPENDENT CLINICAL LABORATORY,O20260114004136,ROBERT,KADISH,OWNER / AUTHORIZED OFFICIAL,5044502127
C05D2325457,S,100,B_6_to_12mo,CNM,ORGNL_PRTCPTN_DT ≤ 12 months,"C-3_ORGNL_LE_12MO, Q-REGISTRATION, N-1_NPI_LAB_TAX_MATCH, S-1_STANDALONE",MOGO LABS INC,,,,,11631 VICTORY BLVD STE 204,,NORTH HOLLYWOOD,CA,91606,(747) 205-2356,,05D2325457,Independent / Reference Lab,Registration,,2025-06-12,334,44000,0,1124988332,MOGO LABS INC,291U00000X,2025-11-12,181,PART B SUPPLIER - INDEPENDENT CLINICAL LABORATORY,O20260128000504,ADRIK,KHODAGHOLIAN,CEO,7473639504
C10D2338007,S,95,A_fresh_le_6mo,CN,"CLIA + NPI, no Medicare — bullseye: licensed + billing-ready, pre-Medicare-paperwork","CMB_CN_NO_M, C-2_ORGNL_LE_6MO, Q-REGISTRATION, N-1_NPI_LAB_TAX_MATCH, A-4_RESIDENTIAL",GENECHEM DIAGNOSTICS LLC,,,,,12109 SW 13TH AVE,,MIAMI,FL,33186,(786) 219-9900,,10D2338007,Independent / Reference Lab,Registration,,2026-02-03,98,0,0,1992658827,GENECHEM DIAGNOSTICS LLC,291U00000X,2026-02-19,82,,,SHAMALADEVI,NAGARAJARAO,PRESIDENT,7865597804
C33D2337802,S,95,A_fresh_le_6mo,CN,"CLIA + NPI, no Medicare — bullseye: licensed + billing-ready, pre-Medicare-paperwork","CMB_CN_NO_M, C-2_ORGNL_LE_6MO, Q-COMPLIANCE, N-1_NPI_LAB_TAX_MATCH, A-1_REAL_MEDICAL, S-2_SUBSIDIARY_UNKNOWN_AGE",WESTERN NEW YORK DIAGNOSTICS LLC,,,,,108 FARBER HALL,,BUFFALO,NY,14214,(716) 986-2771,,33D2337802,Independent / Reference Lab,Compliance,,2026-01-29,103,1,0,1104777010,WESTERN NEW YORK DIAGNOSTICS LLC,291U00000X,2026-02-05,96,,,BING,SU,LAB DITECTOR,7169862771
C03D2333891,S,95,B_6_to_12mo,CN,"CLIA + NPI, no Medicare — bullseye: licensed + billing-ready, pre-Medicare-paperwork","CMB_CN_NO_M, C-3_ORGNL_LE_12MO, Q-REGISTRATION, N-1_NPI_LAB_TAX_MATCH",YUMA ADVANCED LAB,,,,,2415 S AVE A,,YUMA,AZ,85364,(928) 344-8400,(928) 844-0412,03D2333891,Independent / Reference Lab,Registration,,2025-11-12,181,12500,0,1346107950,YUMA ADVANCED LAB LLC,291U00000X,2026-01-06,126,,,RAMI,OSMAN,MANAGER,9283448400
C50D2333715,S,95,B_6_to_12mo,C,"CLIA only — green field, no NPI/Medicare yet (could be very early or filing-light)","CMB_C_ONLY, C-3_ORGNL_LE_12MO, Q-ACCREDITATION, N-3_NPI_NONE",UW MEDICINE CENTRAL LABORATORY,,https://dlmp.uw.edu/,,,1601 LIND AVE SW,,RENTON,WA,98057,(206) 744-9789,(206) 744-9858,50D2333715,Independent / Reference Lab,Accreditation,,2025-11-10,183,0,0,,,,,,,,,,,
C05D2333353,S,95,B_6_to_12mo,CN,"CLIA + NPI, no Medicare — bullseye: licensed + billing-ready, pre-Medicare-paperwork","CMB_CN_NO_M, C-3_ORGNL_LE_12MO, Q-REGISTRATION, N-1_NPI_LAB_TAX_MATCH",FULGENT THERAPEUTICS LLC,,,,,28338 OLD SPRINGS RD,,CASTAIC,CA,91384,(858) 245-8577,9727670225,05D2333353,Independent / Reference Lab,Registration,,2025-11-04,189,4700,0,1205798873,"FULGENT THERAPEUTICS, LLC.",291U00000X,2025-12-02,161,,,JIAN,XIE,PRESIDENT,6263500537
C05D2332811,S,95,B_6_to_12mo,C,"CLIA only — green field, no NPI/Medicare yet (could be very early or filing-light)","CMB_C_ONLY, C-3_ORGNL_LE_12MO, Q-ACCREDITATION, N-3_NPI_NONE",CIRCULAR GENOMICS,,https://www.circulargenomics.com/,2021-02-16,1911,10935 ALEXANDRIA WAY STE 201,,SAN DIEGO,CA,92121,(505) 542-4060,,05D2332811,Independent / Reference Lab,Accreditation,CAP,2025-10-24,200,0,0,,,,,,,,,,,
C45D2332683,S,95,B_6_to_12mo,CN,"CLIA + NPI, no Medicare — bullseye: licensed + billing-ready, pre-Medicare-paperwork","CMB_CN_NO_M, C-3_ORGNL_LE_12MO, Q-REGISTRATION, N-1_NPI_LAB_TAX_MATCH",IRVING DX LABORATORIES LLC,,,,,3317 FINLEY RD STE 222,,IRVING,TX,75062,(224) 470-9009,,45D2332683,Independent / Reference Lab,Registration,,2025-10-22,202,2000,0,1386504058,IRVING DX LABORATORIES LLC,291U00000X,2025-11-14,179,,,MUJEEB AHMED,MOHAMMED,OWNER,2244709009
C10D2331990,S,95,B_6_to_12mo,C,"CLIA only — green field, no NPI/Medicare yet (could be very early or filing-light)","CMB_C_ONLY, C-3_ORGNL_LE_12MO, Q-ACCREDITATION, N-3_NPI_NONE",PREMIER DERMATOLOGY LABORATORY LLC,,,,,3355 CLARK RD SUITE 102,,SARASOTA,FL,34231,(941) 312-2730,(941) 870-8941,10D2331990,Independent / Reference Lab,Accreditation,CAP,2025-10-13,211,0,0,,,,,,,,,,,
C45D2331083,S,95,B_6_to_12mo,CN,"CLIA + NPI, no Medicare — bullseye: licensed + billing-ready, pre-Medicare-paperwork","CMB_CN_NO_M, C-3_ORGNL_LE_12MO, Q-REGISTRATION, N-1_NPI_LAB_TAX_MATCH",MBIDX,,,,,1720 REGAL ROW,,DALLAS,TX,75235,(619) 995-1200,(619) 837-2788,45D2331083,Physician Office Lab,Registration,,2025-09-25,229,0,0,1124999800,MBIDX,291U00000X,2025-09-15,239,,,MATTHEW,MCCORMICK,OWNER,6199951200
C10D2330906,S,95,B_6_to_12mo,CN,"CLIA + NPI, no Medicare — bullseye: licensed + billing-ready, pre-Medicare-paperwork","CMB_CN_NO_M, C-3_ORGNL_LE_12MO, Q-REGISTRATION, N-1_NPI_LAB_TAX_MATCH",KRJS LLC DBA AION DIAGNOSTICS,,,,,"4950 COMMUNICATION AVE, STE 250",,BOCA RATON,FL,33433,(561) 319-7907,(561) 922-1925,10D2330906,Independent / Reference Lab,Registration,,2025-09-24,230,0,0,1548152093,KRJS LLC,291U00000X,2025-07-18,298,,,JUSTIN,MODIST,MANAGING PARTNER,5613197907
C34D2330145,S,95,B_6_to_12mo,C,"CLIA only — green field, no NPI/Medicare yet (could be very early or filing-light)","CMB_C_ONLY, C-3_ORGNL_LE_12MO, Q-ACCREDITATION, N-3_NPI_NONE",NEXT GEN KARYO INC.,,https://www.nextgenkaryo.com/,2025-07-18,298,"133 SOUTHCENTER CT, SUITE 400, RM #401",,MORRISVILLE,NC,27560,(347) 261-2655,,34D2330145,Independent / Reference Lab,Accreditation,CAP,2025-09-11,243,0,0,,,,,,,,,,,
C11D2329973,S,95,B_6_to_12mo,CN,"CLIA + NPI, no Medicare — bullseye: licensed + billing-ready, pre-Medicare-paperwork","CMB_CN_NO_M, C-3_ORGNL_LE_12MO, Q-REGISTRATION, N-1_NPI_LAB_TAX_MATCH",AK CARE INC,,,,,"5960 CROOKED CREEK ROAD, SUITE 1405",,PEACHTREE CORNERS,GA,30092,(678) 360-0873,,11D2329973,Independent / Reference Lab,Registration,,2025-09-09,245,0,0,1174405633,AK CARE INC,291U00000X,2025-07-24,292,,,SAIKUMAR,SUNKU BALRAJ,PRESIDENT,5152170962
C45D2329792,S,95,B_6_to_12mo,CN,"CLIA + NPI, no Medicare — bullseye: licensed + billing-ready, pre-Medicare-paperwork","CMB_CN_NO_M, C-3_ORGNL_LE_12MO, Q-REGISTRATION, N-1_NPI_LAB_TAX_MATCH",TRUEMARK LABS LLC,,,,,301 DALLAS DRIVE SUITE 128,,DENTON,TX,76205,(773) 357-6266,,45D2329792,Independent / Reference Lab,Registration,,2025-09-05,249,0,0,1881575827,TRUEMARK LABS LLC,291U00000X,2025-09-08,246,,,VAISHNAVI,MANTHENA,OWNER/PRESIDENT,9453724747
C06D2329507,S,95,B_6_to_12mo,CN,"CLIA + NPI, no Medicare — bullseye: licensed + billing-ready, pre-Medicare-paperwork","CMB_CN_NO_M, C-3_ORGNL_LE_12MO, Q-REGISTRATION, N-1_NPI_LAB_TAX_MATCH",ELEGANT HEALTH RESOURCES LLC,,https://eleganthealthresourcesllc.com/,2025-08-27,258,838 SHERMAN ST,,DENVER,CO,80209,(303) 228-6119,9709650045,06D2329507,Independent / Reference Lab,Registration,,2025-08-29,256,5000,0,1932088358,ELEGANT HEALTH RESOURCES LLC,291U00000X,2025-08-29,256,,,RUBEN,CONTRERAS,OWNER,3032286119
C45D2329521,S,95,B_6_to_12mo,CN,"CLIA + NPI, no Medicare — bullseye: licensed + billing-ready, pre-Medicare-paperwork","CMB_CN_NO_M, C-3_ORGNL_LE_12MO, Q-REGISTRATION, N-1_NPI_LAB_TAX_MATCH",GENESEQ LABORATORY LLC,,,,,2727 LBJ FREEWAY SUITE 766,,DALLAS,TX,75234,(682) 449-4259,,45D2329521,Independent / Reference Lab,Registration,,2025-08-29,256,2700,0,1548133598,GENESEQ LABORATORY LLC,291U00000X,2025-09-25,229,,,VIKRAM,NAGAMPETA,OWNER/AUTHORIZED OFFICIAL,6824494259
C45D2329393,S,95,B_6_to_12mo,CN,"CLIA + NPI, no Medicare — bullseye: licensed + billing-ready, pre-Medicare-paperwork","CMB_CN_NO_M, C-3_ORGNL_LE_12MO, Q-REGISTRATION, N-1_NPI_LAB_TAX_MATCH",EDGEHEALTH LABORATORIES LLC,,https://www.edgehealthlab.com/,2025-09-02,252,"7066 LAKEVIEW HAVEN DR, STE 100",,HOUSTON,TX,77095,(214) 603-4872,,45D2329393,Independent / Reference Lab,Registration,,2025-08-27,258,2000,0,1720970445,EDGEHEALTH LABORATORIES LLC,291U00000X,2025-07-17,299,,,ASHOK,CHITTIBOMMA,OWNER,2146034872
C10D2328250,S,95,B_6_to_12mo,CN,"CLIA + NPI, no Medicare — bullseye: licensed + billing-ready, pre-Medicare-paperwork","CMB_CN_NO_M, C-3_ORGNL_LE_12MO, Q-REGISTRATION, N-1_NPI_LAB_TAX_MATCH",SAN JUAN DIAGNOSTICS LLC,,,,,6316 SAN JUAN AVE STE 27,,JACKSONVILLE,FL,32210,(904) 586-6973,(904) 929-1290,10D2328250,Independent / Reference Lab,Registration,,2025-08-06,279,500,0,1508754326,SAN JUAN DIAGNOSTICS LLC,291U00000X,2025-06-27,319,,,SALIDER,KUMAR,OWNER,4709454266
C45D2328026,S,95,B_6_to_12mo,CN,"CLIA + NPI, no Medicare — bullseye: licensed + billing-ready, pre-Medicare-paperwork","CMB_CN_NO_M, C-3_ORGNL_LE_12MO, Q-REGISTRATION, N-1_NPI_LAB_TAX_MATCH",CORNERSTONE ADDISON,,,,,4007 LINDBERGH DR,,ADDISON,TX,75001,(914) 643-6335,,45D2328026,Independent / Reference Lab,Registration,,2025-08-04,281,0,0,1417831934,CORNERSTONE ADDISON LLC,291U00000X,2025-08-05,280,,,AMY,GRUSZECKI,LABORATORY DIRECTOR,9727551034
C05D2327928,S,95,B_6_to_12mo,CN,"CLIA + NPI, no Medicare — bullseye: licensed + billing-ready, pre-Medicare-paperwork","CMB_CN_NO_M, C-3_ORGNL_LE_12MO, Q-REGISTRATION, N-1_NPI_LAB_TAX_MATCH",Q DIAGNOSTICS INC,,https://www.qdiagnosticslab.com/,2025-10-15,209,3700 SOUTH SUSAN #120,,SANTA ANA,CA,92704,(949) 468-8447,,05D2327928,Independent / Reference Lab,Registration,,2025-07-31,285,30000,0,1730069972,Q DIAGNOSTICS INC,291U00000X,2025-09-08,246,,,JOSEPH,HINSHAW,CEO,9494688447
C24D2327268,S,95,B_6_to_12mo,CN,"CLIA + NPI, no Medicare — bullseye: licensed + billing-ready, pre-Medicare-paperwork","CMB_CN_NO_M, C-3_ORGNL_LE_12MO, Q-REGISTRATION, N-1_NPI_LAB_TAX_MATCH",PRECISION LAB LLC,,https://precisionlab.tech/contact/,,,"1400 ENERGY PARK DR, SUITE 24",,SAINT PAUL,MN,55108,(651) 829-0823,,24D2327268,Physician Office Lab,Registration,,2025-07-21,295,0,0,1598657447,PRECISION LAB LLC,291U00000X,2025-07-16,300,,,KOWSAR,AHMED,CEO/OWNER,6518290823
C45D2327304,S,95,B_6_to_12mo,CN,"CLIA + NPI, no Medicare — bullseye: licensed + billing-ready, pre-Medicare-paperwork","CMB_CN_NO_M, C-3_ORGNL_LE_12MO, Q-REGISTRATION, N-1_NPI_LAB_TAX_MATCH",GENETIC DX SOLUTIONS,,,,,1329 W WALNUT HILL SUITE 116,,IRVING,TX,75038,(214) 396-6287,(210) 610-2857,45D2327304,Independent / Reference Lab,Registration,,2025-07-21,295,0,0,1699650929,GENETIC DX SOLUTIONS,291U00000X,2025-08-06,279,,,SHERI,LUIZ,AUTHORIZED OFFICIAL,2138467922
C45D2327195,S,95,B_6_to_12mo,CN,"CLIA + NPI, no Medicare — bullseye: licensed + billing-ready, pre-Medicare-paperwork","CMB_CN_NO_M, C-3_ORGNL_LE_12MO, Q-REGISTRATION, N-1_NPI_LAB_TAX_MATCH",SUGARLAND CLINICAL DX LLC,,,,,77 SUGAR CREEK CENTER BLVD STE 60,,SUGAR LAND,TX,77478,(954) 709-9572,,45D2327195,Independent / Reference Lab,Registration,,2025-07-17,299,1000,0,1902777428,SUGARLAND CLINICAL DX LLC,291U00000X,2025-09-16,238,,,NASIR,KHAN,OWNER,9547099572
C21D2326604,S,95,B_6_to_12mo,CN,"CLIA + NPI, no Medicare — bullseye: licensed + billing-ready, pre-Medicare-paperwork","CMB_CN_NO_M, C-3_ORGNL_LE_12MO, Q-REGISTRATION, N-1_NPI_LAB_TAX_MATCH",EPOCH EPIGENETICS INC,,,,,101 W DICKMAN ST #100,,BALTIMORE,MD,21230,(410) 984-0253,,21D2326604,Independent / Reference Lab,Registration,,2025-07-08,308,0,0,1306728415,EPOCH EPIGENETICS INC.,291U00000X,2025-07-22,294,,,NASER,UDDIN,MEDICAL DIRECTOR,4438755198
C05D2326496,S,95,B_6_to_12mo,C,"CLIA only — green field, no NPI/Medicare yet (could be very early or filing-light)","CMB_C_ONLY, C-3_ORGNL_LE_12MO, Q-ACCREDITATION, N-3_NPI_NONE","CROWN BIOSCIENCE, INC",,https://www.crownbio.com/contact-us,2006-06-01,7285,16550 W BERNARDO DR BLDG 5 STE 525,,SAN DIEGO,CA,92127,(858) 622-2900,,05D2326496,Independent / Reference Lab,Accreditation,CAP,2025-07-03,313,0,0,,,,,,,,,,,
C05D2325842,S,95,B_6_to_12mo,C,"CLIA only — green field, no NPI/Medicare yet (could be very early or filing-light)","CMB_C_ONLY, C-3_ORGNL_LE_12MO, Q-ACCREDITATION, N-3_NPI_NONE",HOLISTIC WELLNESS PC,DBA GAMEDAY MEN'S HEALTH ROCKLIN,,,,3736 ATHERTON RD STE 150,,ROCKLIN,CA,95765,(916) 259-6282,,05D2325842,Physician Office Lab,Accreditation,COLA,2025-06-20,326,0,0,,,,,,,,,,,
C05D2325661,S,95,B_6_to_12mo,C,"CLIA only — green field, no NPI/Medicare yet (could be very early or filing-light)","CMB_C_ONLY, C-3_ORGNL_LE_12MO, Q-ACCREDITATION, N-3_NPI_NONE",HUFFMAN MD PC,DBA GAMEDAY MEN'S HEALTH FAIRFIELD,,,,2480 HILBORN RD STE 255,,FAIRFIELD,CA,94534,(707) 914-3498,,05D2325661,Physician Office Lab,Accreditation,COLA,2025-06-17,329,0,0,,,,,,,,,,,
C06D2325288,S,95,B_6_to_12mo,CN,"CLIA + NPI, no Medicare — bullseye: licensed + billing-ready, pre-Medicare-paperwork","CMB_CN_NO_M, C-3_ORGNL_LE_12MO, Q-REGISTRATION, N-1_NPI_LAB_TAX_MATCH",VENTURE DX LLC,,,,,"915 PINON RANCH VIEW, SUITE 3",,COLORADO SPRINGS,CO,80907,(951) 403-3424,7203580164,06D2325288,Independent / Reference Lab,Registration,,2025-06-10,336,300,0,1063376655,VENTURE DX LLC,291U00000X,2025-12-10,153,,,SYED,WAJAHAT,OWNER,7193095362
C45D2325266,S,95,B_6_to_12mo,CN,"CLIA + NPI, no Medicare — bullseye: licensed + billing-ready, pre-Medicare-paperwork","CMB_CN_NO_M, C-3_ORGNL_LE_12MO, Q-REGISTRATION, N-1_NPI_LAB_TAX_MATCH","ETA LABS, LLC",,https://www.etalabservices.com/contact/,2025-07-29,287,"396 W GREENS ROAD, SUITE 250",,HOUSTON,TX,77067,(832) 932-6279,,45D2325266,Independent / Reference Lab,Registration,,2025-06-10,336,0,0,1235024985,ETA LABS,291U00000X,2025-06-12,334,,,KEVIN,FULTON,EVP/CHIEF LEGAL COUNSEL,8329326279
C37D2325315,S,95,B_6_to_12mo,CN,"CLIA + NPI, no Medicare — bullseye: licensed + billing-ready, pre-Medicare-paperwork","CMB_CN_NO_M, C-3_ORGNL_LE_12MO, Q-REGISTRATION, N-1_NPI_LAB_TAX_MATCH",SUREPATH MANAGEMENT LLC,,,,,"2801 PARKLAWN DR, STE 102",,MIDWEST CITY,OK,73110,(405) 237-8746,(405) 310-7306,37D2325315,Independent / Reference Lab,Registration,,2025-06-10,336,15000,0,1295618171,SUREPATH MANAGEMENT LLC,291U00000X,2025-07-29,287,,,MISBAH,KISHWAR,OWNER,4052378746
C18D2325153,S,95,B_6_to_12mo,CN,"CLIA + NPI, no Medicare — bullseye: licensed + billing-ready, pre-Medicare-paperwork","CMB_CN_NO_M, C-3_ORGNL_LE_12MO, Q-REGISTRATION, N-1_NPI_LAB_TAX_MATCH","APPALACHIAN WELLNESS LABORATORY SERVICES, LLC",,https://appalachianwellness.org/,2019-12-11,2344,"592 KY 15 SOUTH, STE 3",,CAMPTON,KY,41301,(606) 668-7393,(866) 718-4137,18D2325153,Independent / Reference Lab,Registration,,2025-06-09,337,62400,0,1073488896,APPALACHIAN WELLNESS LABORATORY SERVICES,291U00000X,2025-10-09,215,,,SHERI,ROSE HAAS,OWNER,6066687393
C45D2324870,S,95,B_6_to_12mo,CN,"CLIA + NPI, no Medicare — bullseye: licensed + billing-ready, pre-Medicare-paperwork","CMB_CN_NO_M, C-3_ORGNL_LE_12MO, Q-REGISTRATION, N-1_NPI_LAB_TAX_MATCH",I-MAZE CLINICAL DX LLC,,,,,3317 FINLEY RD STE 219,,IRVING,TX,75062,(954) 709-9572,,45D2324870,Independent / Reference Lab,Registration,,2025-06-03,343,1000,0,1770479354,I-MAZE CLINICAL DX LLC,291U00000X,2025-06-17,329,,,NASIR,KHAN,OWNER,9412534001
C10D2324827,S,95,B_6_to_12mo,CN,"CLIA + NPI, no Medicare — bullseye: licensed + billing-ready, pre-Medicare-paperwork","CMB_CN_NO_M, C-3_ORGNL_LE_12MO, Q-REGISTRATION, N-1_NPI_LAB_TAX_MATCH",SHORE LABS LLC,,https://shorelabsllc.com/contact-us,2025-08-28,257,4253 UNIVERSITY BLVD S STE 302,,JACKSONVILLE,FL,32216,(904) 586-6973,(904) 758-5420,10D2324827,Independent / Reference Lab,Registration,,2025-06-02,344,194800,0,1457246886,SHORE LABS LLC,291U00000X,2025-06-09,337,,,KEVIN,WILLIAMS,PRESIDENT,3058467605
C05D2324751,S,95,B_6_to_12mo,C,"CLIA only — green field, no NPI/Medicare yet (could be very early or filing-light)","CMB_C_ONLY, C-3_ORGNL_LE_12MO, Q-ACCREDITATION, N-3_NPI_NONE","CPG DIAGNOSTICS, INC",,,,,11421 W BERNARDO CT STE 200,,SAN DIEGO,CA,92127,(858) 337-7369,,05D2324751,Independent / Reference Lab,Accreditation,CAP,2025-05-30,347,0,0,,,,,,,,,,,
C31D2324713,S,95,B_6_to_12mo,C,"CLIA only — green field, no NPI/Medicare yet (could be very early or filing-light)","CMB_C_ONLY, C-3_ORGNL_LE_12MO, Q-ACCREDITATION, N-3_NPI_NONE",MARTINEZ CONSULTING SERVICES LLC,DBA GAMEDAY MEN'S HEALTH HOLMDEL,,,,100 COMMONS WAY,,HOLMDEL,NJ,07733,(610) 842-5465,,31D2324713,Physician Office Lab,Accreditation,COLA,2025-05-30,347,0,0,,,,,,,,,,,
C45D2324646,S,95,B_6_to_12mo,C,"CLIA only — green field, no NPI/Medicare yet (could be very early or filing-light)","CMB_C_ONLY, C-3_ORGNL_LE_12MO, Q-ACCREDITATION, N-3_NPI_NONE","COMMUNITY HEALTH PATHOLOGY SOLUTIONS, PLLC",,,,,4006 BELT LINE RD STE 175,,ADDISON,TX,75001,(346) 544-2720,(888) 548-2767,45D2324646,Physician Office Lab,Accreditation,COLA,2025-05-29,348,0,0,,,,,,,,,,,
C45D2324675,S,95,B_6_to_12mo,CN,"CLIA + NPI, no Medicare — bullseye: licensed + billing-ready, pre-Medicare-paperwork","CMB_CN_NO_M, C-3_ORGNL_LE_12MO, Q-REGISTRATION, N-1_NPI_LAB_TAX_MATCH",CLINICAL DIAGNOSTICS LABORATORY LLC,,,,,"570 EDMONDS LANE, SUITE 108A",,LEWISVILLE,TX,75067,(319) 594-4108,,45D2324675,Independent / Reference Lab,Registration,,2025-05-29,348,0,0,1912895491,CLINICAL DIAGNOSTICS LABORATORY LLC,291U00000X,2025-06-25,321,,,ANUP,TILAK,OWNER,3195944108
C45D2324026,S,95,B_6_to_12mo,C,"CLIA only — green field, no NPI/Medicare yet (could be very early or filing-light)","CMB_C_ONLY, C-3_ORGNL_LE_12MO, Q-ACCREDITATION, N-3_NPI_NONE",WELLNESS FOR MEN PLLC DBA GAMEDAY MEN'S HEALTH,CIBOLO,https://gamedaymenshealth.com/cibolo-tx,2017-09-07,3169,173311 I 35 N SUITE 103,,SCHERTZ,TX,78154,(210) 682-9969,,45D2324026,Physician Office Lab,Accreditation,COLA,2025-05-16,361,0,0,,,,,,,,,,,
C01D2340785,S,90,A_fresh_le_6mo,C,"CLIA only — green field, no NPI/Medicare yet (could be very early or filing-light)","CMB_C_ONLY, C-1_ORGNL_LE_3MO, Q-PPM, N-3_NPI_NONE","MEDESSIA HEALTH, LLC",,,,,2106 EXECUTIVE PARK DRIVE,,OPELIKA,AL,36801,(334) 663-2904,(256) 829-7323,01D2340785,Independent / Reference Lab,PPM,,2026-03-23,50,0,0,,,,,,,,,,,
C42D2340772,S,90,A_fresh_le_6mo,C,"CLIA only — green field, no NPI/Medicare yet (could be very early or filing-light)","CMB_C_ONLY, C-1_ORGNL_LE_3MO, Q-PPM, N-3_NPI_NONE",NOVANT HEALTH MATERNAL FETAL MEDICINE-,DAYFIELD PARK,https://www.novanthealth.org/locations/clinics/east-cooper-maternal-fetal-medicine-specialists-mount-pleasant/,1997-06-02,10571,"406 BRIGHTON PARK BLVD, SUITE 101",,SUMMERVILLE,SC,29486,(843) 883-1007,(843) 883-1016,42D2340772,Physician Office Lab,PPM,,2026-03-23,50,0,0,,,,,,,,,,,
C16D2340554,S,90,A_fresh_le_6mo,C,"CLIA only — green field, no NPI/Medicare yet (could be very early or filing-light)","CMB_C_ONLY, C-1_ORGNL_LE_3MO, Q-PPM, N-3_NPI_NONE",WCHC SPECIALTY CLINIC,,https://www.wchc.org/,1999-03-24,9911,400 E POLK ST,,WASHINGTON,IA,52353,(319) 863-3955,(319) 863-3987,16D2340554,Physician Office Lab,PPM,,2026-03-18,55,0,0,,,,,,,,,,,
C21D2340389,S,90,A_fresh_le_6mo,C,"CLIA only — green field, no NPI/Medicare yet (could be very early or filing-light)","CMB_C_ONLY, C-1_ORGNL_LE_3MO, Q-PPM, N-3_NPI_NONE",FREEDOM FAMILY HEALTH LLC,,,,,910 WASHINGTON RD SUITE A,,WESTMINSTER,MD,21157,(410) 801-7630,(410) 401-0061,21D2340389,Physician Office Lab,PPM,,2026-03-17,56,0,0,,,,,,,,,,,
C42D2340380,S,90,A_fresh_le_6mo,C,"CLIA only — green field, no NPI/Medicare yet (could be very early or filing-light)","CMB_C_ONLY, C-1_ORGNL_LE_3MO, Q-PPM, N-3_NPI_NONE",NOVANT HEALTH MATERNAL- FETAL- SANTEE,,https://www.novanthealth.org/locations/clinics/east-cooper-maternal-fetal-medicine-santee/location/,1997-06-02,10571,2199 N FRASER STREE SUITE B,,GEORGETOWN,SC,29440,(843) 883-1007,(843) 883-1016,42D2340380,Physician Office Lab,PPM,,2026-03-17,56,0,0,,,,,,,,,,,
C50D2340448,S,90,A_fresh_le_6mo,C,"CLIA only — green field, no NPI/Medicare yet (could be very early or filing-light)","CMB_C_ONLY, C-1_ORGNL_LE_3MO, Q-PPM, N-3_NPI_NONE",BAINBRIDGE DIRECT PRIMARY CARE,,https://bainbridgedirectprimarycare.com/,2025-08-17,268,213 MADISON AVE N SUITE 200,,BAINBRIDGE ISLAND,WA,98110,(206) 929-4419,(206) 880-7890,50D2340448,Physician Office Lab,PPM,,2026-03-17,56,0,0,,,,,,,,,,,
C05D2340294,S,90,A_fresh_le_6mo,C,"CLIA only — green field, no NPI/Medicare yet (could be very early or filing-light)","CMB_C_ONLY, C-1_ORGNL_LE_3MO, Q-PPM, N-3_NPI_NONE",FOCUS ON HEALTH INC POWAY,,,,,15525 POMERADO RD #A1,,POWAY,CA,92064,(858) 485-6644,(858) 485-0371,05D2340294,Physician Office Lab,PPM,,2026-03-16,57,0,0,,,,,,,,,,,
C39D2340298,S,90,A_fresh_le_6mo,C,"CLIA only — green field, no NPI/Medicare yet (could be very early or filing-light)","CMB_C_ONLY, C-1_ORGNL_LE_3MO, Q-PPM, N-3_NPI_NONE",UPMC MAGEE WOMENS SERVICES,,https://www.upmc.com/services/pathology/locations/central-pa/lemoyne,1999-09-17,9734,3 W WALNUT ST,,LEMOYNE,PA,17043,(717) 482-8115,(717) 482-8364,39D2340298,Physician Office Lab,PPM,,2026-03-16,57,0,0,,,,,,,,,,,
C42D2340276,S,90,A_fresh_le_6mo,C,"CLIA only — green field, no NPI/Medicare yet (could be very early or filing-light)","CMB_C_ONLY, C-1_ORGNL_LE_3MO, Q-PPM, N-3_NPI_NONE",ALLERGIC DISEASE & ASTHMA CENTER,,https://allergicdisease.com/,2000-04-24,9514,109 BUFORD AVENUE,,ANDERSON,SC,29621,(864) 627-3800,(864) 672-2654,42D2340276,Physician Office Lab,PPM,,2026-03-16,57,0,0,,,,,,,,,,,
C49D2340177,S,90,A_fresh_le_6mo,C,"CLIA only — green field, no NPI/Medicare yet (could be very early or filing-light)","CMB_C_ONLY, C-1_ORGNL_LE_3MO, Q-PPM, N-3_NPI_NONE",HENRICO DOCTORS OBGYN DBA,COMMONWEALTH MIDWIFERY,,,,7611 FOREST AVE SUITE 330,,HENRICO,VA,23229,(804) 584-2180,(804) 584-2181,49D2340177,Physician Office Lab,PPM,,2026-03-13,60,0,0,,,,,,,,,,,
C32D2340168,S,90,A_fresh_le_6mo,C,"CLIA only — green field, no NPI/Medicare yet (could be very early or filing-light)","CMB_C_ONLY, C-1_ORGNL_LE_3MO, Q-PPM, N-3_NPI_NONE",CITY DIFFERENT PRIMARY CARE,,,,,2085 S PACHECO ST,,SANTA FE,NM,87505,(505) 395-3000,,32D2340168,Physician Office Lab,PPM,,2026-03-12,61,0,0,,,,,,,,,,,
C33D2340086,S,90,A_fresh_le_6mo,C,"CLIA only — green field, no NPI/Medicare yet (could be very early or filing-light)","CMB_C_ONLY, C-1_ORGNL_LE_3MO, Q-PPM, N-3_NPI_NONE",JENNIFER TIBBENS-SCALZO MD PLLC,DBA TIBBENS FAMILY MEDICINE,https://www.tibbensfamilymedicine.com/,2025-08-25,260,1150 CROSSPOINTE LN STE 1B,,WEBSTER,NY,14580,(585) 667-5750,(585) 378-3490,33D2340086,Physician Office Lab,PPM,,2026-03-12,61,0,0,,,,,,,,,,,
C10D2340065,S,90,A_fresh_le_6mo,CN,"CLIA + NPI, no Medicare — bullseye: licensed + billing-ready, pre-Medicare-paperwork","CMB_CN_NO_M, C-1_ORGNL_LE_3MO, Q-REGISTRATION, N-1_NPI_LAB_TAX_MATCH, A-3_MULTI_TENANT_NON_MEDICAL",LAB RITE 1 LLC,,,,,7436 ROYAL PALM BLVD,,MARGATE,FL,33063,(954) 951-4541,,10D2340065,Independent / Reference Lab,Registration,,2026-03-11,62,8000,0,1245179787,LAB RITE 1 LLC,291U00000X,2026-03-27,46,,,LUIS,BARTELEMY,OWNER,9547610017
C15D2339971,S,90,A_fresh_le_6mo,C,"CLIA only — green field, no NPI/Medicare yet (could be very early or filing-light)","CMB_C_ONLY, C-1_ORGNL_LE_3MO, Q-PPM, N-3_NPI_NONE",IUHMG DERMATOLOGY,,,,,1458 S JACKSON ST,,FRANKFORT,IN,46041,(317) 944-0513,(317) 944-0511,15D2339971,Physician Office Lab,PPM,,2026-03-10,63,0,0,,,,,,,,,,,
C11D2339814,S,90,A_fresh_le_6mo,C,"CLIA only — green field, no NPI/Medicare yet (could be very early or filing-light)","CMB_C_ONLY, C-1_ORGNL_LE_3MO, Q-PPM, N-3_NPI_NONE",ESSENCE OF HEALTH WELLNESS CLINIC,,https://www.essenceofhealthwellnessclinic.com/atlanta-promo-page,2018-12-13,2707,"275 CARPENTER DRIVE, SUITE 300",,ATLANTA,GA,30328,(404) 857-0340,(423) 845-9602,11D2339814,Physician Office Lab,PPM,,2026-03-09,64,0,0,,,,,,,,,,,
C15D2339847,S,90,A_fresh_le_6mo,C,"CLIA only — green field, no NPI/Medicare yet (could be very early or filing-light)","CMB_C_ONLY, C-1_ORGNL_LE_3MO, Q-PPM, N-3_NPI_NONE",AMG SV - CARMEL GYNECOLOGY STE 315,,https://healthcare.ascension.org/locations/indiana/inasc/carmel-ascension-st-vincent-carmel/departments/13420-n-meridian-entrance-3/carmel-gynecology,,,13420 N MERIDIAN ST SUITE 315,,CARMEL,IN,46032,(317) 582-7249,(317) 582-7255,15D2339847,Physician Office Lab,PPM,,2026-03-09,64,0,0,,,,,,,,,,,
C34D2339740,S,90,A_fresh_le_6mo,C,"CLIA only — green field, no NPI/Medicare yet (could be very early or filing-light)","CMB_C_ONLY, C-1_ORGNL_LE_3MO, Q-PPM, N-3_NPI_NONE",LEVINE CHILDREN'S SPECIALTY - CONCORD,,https://atriumhealth.org/medical-services/childrens-services/locations/detail/atrium-health-levine-childrens-specialty-care-concord,2016-07-25,3578,100 MEDICAL PARK DR NE SUITE 310,,CONCORD,NC,28025,(704) 381-8800,,34D2339740,Physician Office Lab,PPM,,2026-03-06,67,0,0,,,,,,,,,,,
C49D2339359,S,90,A_fresh_le_6mo,C,"CLIA only — green field, no NPI/Medicare yet (could be very early or filing-light)","CMB_C_ONLY, C-1_ORGNL_LE_3MO, Q-PPM, N-3_NPI_NONE",MARIAN DIRECT PRIMARY CARE PLLC,,https://forestdirectprimarycare.com/,2014-06-28,4336,"1149 VISTA PARK DRIVE, SUITE B",,FOREST,VA,24551,(434) 616-2455,(434) 253-1806,49D2339359,Physician Office Lab,PPM,,2026-03-01,72,0,0,,,,,,,,,,,
C42D2339234,S,90,A_fresh_le_6mo,C,"CLIA only — green field, no NPI/Medicare yet (could be very early or filing-light)","CMB_C_ONLY, C-1_ORGNL_LE_3MO, Q-PPM, N-3_NPI_NONE",RSFPP SIGNATURE CARE- WINGO WAY,,https://www.rsfh.com/partners/primary-care/,2004-07-01,7985,180 WINGO WAY SUITE 303,,MOUNT PLEASANT,SC,29464,(843) 932-9906,(843) 402-2755,42D2339234,Physician Office Lab,PPM,,2026-02-26,75,0,0,,,,,,,,,,,
C50D2339179,S,90,A_fresh_le_6mo,C,"CLIA only — green field, no NPI/Medicare yet (could be very early or filing-light)","CMB_C_ONLY, C-1_ORGNL_LE_3MO, Q-PPM, N-3_NPI_NONE",NURSE PRACTITIONER INTEGRATIVE HEALTH,,https://www.npih.org/,2025-09-26,228,507 N SULLIVAN RD STE 20,,SPOKANE VALLEY,WA,99037,(509) 581-4339,(509) 878-6879,50D2339179,Physician Office Lab,PPM,,2026-02-25,76,0,0,,,,,,,,,,,
C18D2338752,S,90,A_fresh_le_6mo,C,"CLIA only — green field, no NPI/Medicare yet (could be very early or filing-light)","CMB_C_ONLY, C-1_ORGNL_LE_3MO, Q-PPM, N-3_NPI_NONE","EQUITY DERMATOLOGY, PLLC",,https://equity-derm.com/,2024-09-22,597,610 CAVEMILL ROAD,,BOWLING GREEN,KY,42104,(270) 467-7400,(844) 444-1250,18D2338752,Physician Office Lab,PPM,,2026-02-18,83,0,0,,,,,,,,,,,
C33D2338765,S,90,A_fresh_le_6mo,C,"CLIA only — green field, no NPI/Medicare yet (could be very early or filing-light)","CMB_C_ONLY, C-1_ORGNL_LE_3MO, Q-PPM, N-3_NPI_NONE",VALLEY RIDGE DIRECT PRIMARY CARE PLLC,,,,,5 PARK SQUARE SUITE B,,ELLICOTTVILLE,NY,14731,(716) 785-0089,(716) 227-1769,33D2338765,Physician Office Lab,PPM,,2026-02-18,83,0,0,,,,,,,,,,,
C42D2338714,S,90,A_fresh_le_6mo,C,"CLIA only — green field, no NPI/Medicare yet (could be very early or filing-light)","CMB_C_ONLY, C-1_ORGNL_LE_3MO, Q-PPM, N-3_NPI_NONE",UROLOGICAL SERVICES OF SELF MEDICAL GROUP,,https://www.selfregional.org/locations/urological-services/,2001-08-20,9031,905 WEST GREENWOOD STREET,,ABBEVILLE,SC,29620,(843) 227-6401,(864) 725-1710,42D2338714,Physician Office Lab,PPM,,2026-02-17,84,0,0,,,,,,,,,,,
C42D2338724,S,90,A_fresh_le_6mo,C,"CLIA only — green field, no NPI/Medicare yet (could be very early or filing-light)","CMB_C_ONLY, C-1_ORGNL_LE_3MO, Q-PPM, N-3_NPI_NONE",ORANGEBURG FAMILY MEDICINE,,,,,1550 SIMS STREET,,ORANGEBURG,SC,29115,(803) 259-5762,(803) 259-3050,42D2338724,Physician Office Lab,PPM,,2026-02-17,84,0,0,,,,,,,,,,,
C11D2338682,S,90,A_fresh_le_6mo,C,"CLIA only — green field, no NPI/Medicare yet (could be very early or filing-light)","CMB_C_ONLY, C-1_ORGNL_LE_3MO, Q-PPM, N-3_NPI_NONE",WELLSTAR OBGYN NORTH FULTON,,https://www.wellstar.org/locations/medical-practice/obgyn-roswell-4500-hospital-boulevard-suite-230,1998-02-11,10317,"4500 HOSPITAL BOULEBARD, SUITE 230",,ROSWELL,GA,30076,(470) 267-3100,(470) 986-7357,11D2338682,Physician Office Lab,PPM,,2026-02-16,85,0,0,,,,,,,,,,,
C14D2338675,S,90,A_fresh_le_6mo,C,"CLIA only — green field, no NPI/Medicare yet (could be very early or filing-light)","CMB_C_ONLY, C-1_ORGNL_LE_3MO, Q-PPM, N-3_NPI_NONE",ADVOCATE MEDICAL GROUP,,https://www.advocatehealth.com/locations/advocate-medical-group-primary-care-oswego,1995-10-31,11151,80 TEMPLETON DR,,OSWEGO,IL,60543,(630) 554-3456,(630) 551-2933,14D2338675,Physician Office Lab,PPM,,2026-02-15,86,0,0,,,,,,,,,,,
C10D2338672,S,90,A_fresh_le_6mo,CN,"CLIA + NPI, no Medicare — bullseye: licensed + billing-ready, pre-Medicare-paperwork","CMB_CN_NO_M, C-1_ORGNL_LE_3MO, Q-REGISTRATION, N-1_NPI_LAB_TAX_MATCH, A-3_MULTI_TENANT_NON_MEDICAL",GSB DIAGNOSTICS LLC,,,,,300 NE 75TH STREET SUITE 110,,MIAMI,FL,33138,(786) 703-7778,(386) 381-1082,10D2338672,Independent / Reference Lab,Registration,,2026-02-13,88,0,0,1962355941,GSB DIAGNOSTICS LLC,291U00000X,2026-02-18,83,,,GRADY,KITTRELL,OWNER,7867037778
C34D2338560,S,90,A_fresh_le_6mo,C,"CLIA only — green field, no NPI/Medicare yet (could be very early or filing-light)","CMB_C_ONLY, C-1_ORGNL_LE_3MO, Q-PPM, N-3_NPI_NONE",UROLOGY SPECIALISTS OF THE CAROLINAS - GREENSBORO,,https://urologyspecialistsnc.com/greensboro/,2006-07-04,7252,509 NORTH ELAM AVENUE ROOM 233,,GREENSBORO,NC,27403,(336) 232-5317,(336) 274-0267,34D2338560,Physician Office Lab,PPM,,2026-02-12,89,0,0,,,,,,,,,,,
C45D2338568,S,90,A_fresh_le_6mo,CN,"CLIA + NPI, no Medicare — bullseye: licensed + billing-ready, pre-Medicare-paperwork","CMB_CN_NO_M, C-1_ORGNL_LE_3MO, Q-REGISTRATION, N-1_NPI_LAB_TAX_MATCH, A-3_MULTI_TENANT_NON_MEDICAL","AVINTIS DIAGNOSTICS, LLC",,,,,13700 VETERANS MEMORIAL DR SUITE 101,,HOUSTON,TX,77014,(346) 852-5132,,45D2338568,Independent / Reference Lab,Registration,,2026-02-12,89,0,0,1174473102,AVINTIS DIAGNOSTICS LLC,291U00000X,2026-01-29,103,,,UMAR SWADI,MOHAMMED,OWNER,3468525132
C14D2338520,S,90,A_fresh_le_6mo,C,"CLIA only — green field, no NPI/Medicare yet (could be very early or filing-light)","CMB_C_ONLY, C-1_ORGNL_LE_3MO, Q-PPM, N-3_NPI_NONE",CHRISTINE CLINIC DERMATOLOGY - URBANA,,https://www.christieclinic.com/locations/Christie-Clinic-in-Champaign-on-Windsor/21/location-details,1996-09-20,10826,1710 E WINDSOR RD,,URBANA,IL,61802,(217) 366-1248,(217) 366-6100,14D2338520,Physician Office Lab,PPM,,2026-02-11,90,0,0,,,,,,,,,,,
C49D2338445,S,90,A_fresh_le_6mo,C,"CLIA only — green field, no NPI/Medicare yet (could be very early or filing-light)","CMB_C_ONLY, C-1_ORGNL_LE_3MO, Q-PPM, N-3_NPI_NONE",JOHNS HOPKINS MEDICINE ARLINGTON SOM OB/GYN,,https://www.hopkinsmedicine.org/patient-care/locations/johns-hopkins-medicine-arlington,1999-12-10,9650,4102 WILSON BOULEVARD,,ARLINGTON,VA,22203,(703) 462-1777,(703) 657-1192,49D2338445,Physician Office Lab,PPM,,2026-02-11,90,0,0,,,,,,,,,,,
C06D2327812,S,90,B_6_to_12mo,CN,"CLIA + NPI, no Medicare — bullseye: licensed + billing-ready, pre-Medicare-paperwork","CMB_CN_NO_M, C-3_ORGNL_LE_12MO, Q-REGISTRATION, N-1_NPI_LAB_TAX_MATCH, A-4_RESIDENTIAL",TOP POINT DYNAMICS LLC,,,,,"27882 MEADOW DR, UNIT 104",,EVERGREEN,CO,80439,(951) 403-3424,,06D2327812,Independent / Reference Lab,Registration,,2025-07-30,286,300,0,1952255739,TOP POINT DYNAMICS LLC,291U00000X,2026-02-26,75,,,ANTHONY QUINN,PAYNE,OWNER,2134769779
C06D2327776,S,90,B_6_to_12mo,CN,"CLIA + NPI, no Medicare — bullseye: licensed + billing-ready, pre-Medicare-paperwork","CMB_CN_NO_M, C-3_ORGNL_LE_12MO, Q-REGISTRATION, N-1_NPI_LAB_TAX_MATCH, A-4_RESIDENTIAL",CENTER GROUP HOLDINGS LLC,,,,,"27882 MEADOW DR, UNIT 108",,EVERGREEN,CO,80439,(951) 403-3424,,06D2327776,Independent / Reference Lab,Registration,,2025-07-29,287,300,0,1710834676,CENTER GROUP HOLDINGS LLC,291U00000X,2026-03-11,62,,,DEEPAK,PARWATIKAR,OWNER,3104300806
N1366318859,S,90,B_6_to_12mo,N,NPI only — has lab taxonomy but no CLIA in our window (pre-CLIA OR join miss),"CMB_N_ONLY, N-2_NPI_LAB_TAX_ONLY, A-1_REAL_MEDICAL, S-1_STANDALONE","CLINICAL LABORATORY SOLUTIONS, LLC (DBA PREVENTIAL)",,,,,4801 S CLIFF AVE STE 212,SUITE 212,INDEPENDENCE,MO,64055,8163667774,,,,,,,,,,1366318859,"CLINICAL LABORATORY SOLUTIONS, LLC (DBA PREVENTIAL)",291U00000X,2025-10-13,211,,,CRISTIAN,SAEZ,CHIEF SCIENTIFIC OFFICER,8163667774
N1427911718,S,90,A_fresh_le_6mo,N,NPI only — has lab taxonomy but no CLIA in our window (pre-CLIA OR join miss),"CMB_N_ONLY, N-2_NPI_LAB_TAX_ONLY, A-1_REAL_MEDICAL, S-1_STANDALONE",TERESITA LAB LLC,,,,,AVE JESUS T PINERO,,SAN JUAN,PR,00927,7876750112,,,,,,,,,,1427911718,TERESITA LAB LLC,291U00000X,2025-12-04,159,,,JESSICA,GONZALEZ QUIJANO,CEO,7876750112
N1700744547,S,90,A_fresh_le_6mo,N,NPI only — has lab taxonomy but no CLIA in our window (pre-CLIA OR join miss),"CMB_N_ONLY, N-2_NPI_LAB_TAX_ONLY, A-1_REAL_MEDICAL, S-1_STANDALONE",ROCKY MOUNTAIN LABORATORIES LLC,,https://www.rockylabs.com/contact/,2016-07-12,3591,1400 E SOUTHERN AVE,,TEMPE,AZ,85282,8013104595,,,,,,,,,,1700744547,ROCKY MOUNTAIN LABORATORIES LLC,291U00000X,2026-01-12,120,,,SCOTT,WEISS,OWNER,8013104595
N1588513485,S,90,A_fresh_le_6mo,N,NPI only — has lab taxonomy but no CLIA in our window (pre-CLIA OR join miss),"CMB_N_ONLY, N-2_NPI_LAB_TAX_ONLY, A-1_REAL_MEDICAL, S-1_STANDALONE",PAIRIDEX INC.,,,,,4340 DUNCAN AVE STE 213,,SAINT LOUIS,MO,63110,9253513509,,,,,,,,,,1588513485,PAIRIDEX INC.,291U00000X,2026-01-23,109,,,PAUL,KORTSCHAK,CEO,9253513509
N1922950245,S,90,A_fresh_le_6mo,N,NPI only — has lab taxonomy but no CLIA in our window (pre-CLIA OR join miss),"CMB_N_ONLY, N-2_NPI_LAB_TAX_ONLY, A-1_REAL_MEDICAL, S-1_STANDALONE",ALLIED MEDICAL LABORATORY INC,,,,,2600 E COLORADO BLVD,,PASADENA,CA,91107,7474419470,,,,,,,,,,1922950245,ALLIED MEDICAL LABORATORY INC,291U00000X,2026-02-10,91,,,ANAIT,MURADYAN,PRESIDENT,7474419470
N1497602858,S,90,A_fresh_le_6mo,N,NPI only — has lab taxonomy but no CLIA in our window (pre-CLIA OR join miss),"CMB_N_ONLY, N-2_NPI_LAB_TAX_ONLY, A-1_REAL_MEDICAL, S-1_STANDALONE",MALEMILE BLOOD MOBILE LLC,,,,,5650 ARGONNE ST,,DENVER,CO,80249,7205720736,,,,,,,,,,1497602858,MALEMILE BLOOD MOBILE LLC,291U00000X,2026-03-14,59,,,CLAUDIA,FARINAS COSTA,OWNER,7205720736
N1538001094,S,90,A_fresh_le_6mo,N,NPI only — has lab taxonomy but no CLIA in our window (pre-CLIA OR join miss),"CMB_N_ONLY, N-2_NPI_LAB_TAX_ONLY, A-1_REAL_MEDICAL, S-1_STANDALONE","LAB ON WHEELS, LLC",,,,,1905 E 120TH ST,,LOS ANGELES,CA,90059,3215048518,,,,,,,,,,1538001094,"LAB ON WHEELS, LLC",291U00000X,2026-04-06,36,,,YOLANDA,CHAMBLISS WILLIAMS,OWNER,4074747476
N1447192901,S,90,A_fresh_le_6mo,N,NPI only — has lab taxonomy but no CLIA in our window (pre-CLIA OR join miss),"CMB_N_ONLY, N-2_NPI_LAB_TAX_ONLY, A-1_REAL_MEDICAL, S-1_STANDALONE",LAB ON WHEELS,,,,,1905 E 120TH ST,,LOS ANGELES,CA,90059,3215048518,,,,,,,,,,1447192901,LAB ON WHEELS,291U00000X,2026-04-06,36,,,YOLANDA,CHAMBLISS WILLIAMS,OWNER,4074747476
N1699617829,S,90,A_fresh_le_6mo,N,NPI only — has lab taxonomy but no CLIA in our window (pre-CLIA OR join miss),"CMB_N_ONLY, N-2_NPI_LAB_TAX_ONLY, A-1_REAL_MEDICAL, S-1_STANDALONE",LUMINODX INC.,,https://luminodx.com/,2024-01-04,859,7438 TRADE ST,,SAN DIEGO,CA,92121,8583337527,,,,,,,,,,1699617829,LUMINODX INC.,291U00000X,2026-04-07,35,,,JOHN,RIDGE,CONSULTANT,3176976209
N1144163569,S,90,A_fresh_le_6mo,N,NPI only — has lab taxonomy but no CLIA in our window (pre-CLIA OR join miss),"CMB_N_ONLY, N-2_NPI_LAB_TAX_ONLY, A-1_REAL_MEDICAL, S-1_STANDALONE","LAB ON A WHEELS, LLC",,,,,1905 EAST 120TH STREET,,LOS ANGELES,CA,90059,3215048518,,,,,,,,,,1144163569,"LAB ON A WHEELS, LLC",291U00000X,2026-04-10,32,,,YOLANDA,CHAMBLISS WILLIAMS,OWNER,4074747476
C05D2334463,S,90,A_fresh_le_6mo,CNM,ORGNL_PRTCPTN_DT ≤ 6 months,"C-2_ORGNL_LE_6MO, Q-REGISTRATION, N-1_NPI_LAB_TAX_MATCH, A-3_MULTI_TENANT_NON_MEDICAL, S-1_STANDALONE",VELION DIAGNOSTICS INC,,,,,7630 VINELAND AVE STE 206A,,SUN VALLEY,CA,91352,(747) 205-2549,,05D2334463,Independent / Reference Lab,Registration,,2025-11-20,173,36000,0,1013879741,VELION DIAGNOSTICS INC,291U00000X,2025-12-01,162,PART B SUPPLIER - INDEPENDENT CLINICAL LABORATORY,O20260130001000,FRIDA,KHUDAVERDYAN,OWNER,7473071317
C45D2332076,S,90,B_6_to_12mo,CNM,ORGNL_PRTCPTN_DT ≤ 12 months,"C-3_ORGNL_LE_12MO, Q-REGISTRATION, N-1_NPI_LAB_TAX_MATCH, A-1_REAL_MEDICAL",MOMENTUM DIAGNOSTICS COLLECTION,,https://www.momentumdiagnosticscollection.com/,2025-06-09,337,"7505 FANNIN STREET, SUITE 610",,HOUSTON,TX,77054,(708) 580-3668,,45D2332076,Independent / Reference Lab,Registration,,2025-10-14,210,9000,0,1457229387,MOMENTUM DIAGNOSTICS COLLECTION LLC,291U00000X,2025-10-23,201,PART B SUPPLIER - INDEPENDENT CLINICAL LABORATORY,O20260107000022,MORNEVER,GUNN,CEO,7085803668
