name,domain,phone,address,city,state,zip,clia_number,certified_at,certificate_type,site_count,test_volume,classification_codes,segments,lab_type,cms_facility_type_code,cms_facility_type_name,russian_candidate
UNIVERSITY MEDICAL CENTER,,2053486899,850 PETER BRYCE BLVD,TUSCALOOSA,AL,35401,01D0301738,2025-05-08,Compliance,0,396101,,unspecified,PSC,06,community_clinic,False
WHIT FAMILY CLINIC FITZ-GERALD,,3342872644,203 HIGHWAY 80 WEST,DEMOPOLIS,AL,36732,01D0306179,2025-04-24,Compliance,0,10422,,unspecified,PSC,25,rural_health_clinic,False
HACKLEBURG MEDICAL CLINIC,,2059353744,34867 HWY 43,HACKLEBURG,AL,35564,01D0688168,2025-04-16,Compliance,0,4500,,unspecified,PSC,25,rural_health_clinic,False
SOUTHWEST ALABAMA HEALTH SERVICES,,2519442842,7777 HIGHWAY 43 NORTH,MCINTOSH,AL,36553,01D0692409,2026-01-20,Compliance,0,5460,,unspecified,PSC,09,fqhc,False
ARMS METRO HEALTH CENTER,,2052125600,712 25TH STREET NORTH,BIRMINGHAM,AL,35203,01D0858174,2025-07-30,Compliance,2,500,,unspecified,PSC,09,fqhc,False
ATMORE URGENT CARE,,2513686245,5850 HWY 21,ATMORE,AL,36502,01D2022549,2025-04-30,Compliance,0,1500,,unspecified,PSC,25,rural_health_clinic,False
KIDS CLINIC,,2052687775,119 STEPHEN J WHITE MEMORIAL BLVD,TALLADEGA,AL,35160,01D2148957,2025-05-23,Compliance,0,27120,,unspecified,PSC,25,rural_health_clinic,False
ACCORDIA HEALTH - ROCKFORD,,2514505901,9518 HIGHWAY 231,ROCKFORD,AL,35136,01D2177055,2025-02-28,Compliance,0,500,,unspecified,PSC,09,fqhc,False
CHRIST HEALTH PEDIATRICS,,2059460725,628 JOSEPH HOLLIS DR SUITE 300,BIRMINGHAM,AL,35212,01D2325483,2025-06-13,Accreditation,0,0,,unspecified,PSC,09,fqhc,False
CHRIST HEALTH CENTER FOR SERVANT LEADERSHIP,,2053809455,5721 1ST AVE N,BIRMINGHAM,AL,35212,01D2326484,2025-07-03,Accreditation,0,0,,unspecified,PSC,09,fqhc,False
ANCHORAGE NEIGHBORHOOD HEALTH CENTER,,9077437200,4951 BUSINESS PARK BLVD,ANCHORAGE,AK,99503,02D0640332,2025-08-14,Compliance,0,413854,,unspecified,PSC,09,fqhc,False
NTC ANCHOR POINT,,9075673970,33930 STERLING HIGHWAY,ANCHOR POINT,AK,99556,02D2333257,2025-11-01,Accreditation,0,0,,unspecified,PSC,06,community_clinic,False
NTC HOMER,,9072062730,4047 BARTLETT STREET,HOMER,AK,99603,02D2333258,2025-11-01,Accreditation,0,0,,unspecified,PSC,06,community_clinic,False
PHOENIX SPECIALTY HOSPITAL,,4804273000,433 E 6TH ST,MESA,AZ,85203,03D1022984,2025-04-15,Compliance,0,1500,,unspecified,PSC,03,ancillary_test_site,False
HONORHEALTH CANCER CARE,,6232387570,"20745 N SCOTTSDALE RD, STE 115",SCOTTSDALE,AZ,85255,03D2026177,2025-05-21,Compliance,0,1440,,unspecified,PSC,03,ancillary_test_site,False
CIRCLE THE CITY DOWNTOWN FAMILY HEALTH,,6027760776,220 S 12TH AVE,PHOENIX,AZ,85007,03D2144050,2025-06-11,Compliance,0,6500,,unspecified,PSC,09,fqhc,False
HONORHEALTH CANCER CARE,,6232387700,19646 N 27TH AVE STE 301,PHOENIX,AZ,85027,03D2145146,2025-04-22,Compliance,0,84000,,unspecified,PSC,03,ancillary_test_site,False
HONORHEALTH CANCER CARE,,6232387750,9250 N 3RD ST STE 3010,PHOENIX,AZ,85020,03D2145185,2025-04-22,Compliance,0,84000,,unspecified,PSC,03,ancillary_test_site,False
HONORHEALTH CANCER CARE,,6232387540,1110 S DOBSON RD STE 1,CHANDLER,AZ,85286,03D2161792,2025-02-11,Compliance,0,90000,,unspecified,PSC,03,ancillary_test_site,False
HONORHEALTH CANCER CARE,,6232387370,3645 S ROME ST STE 209,GILBERT,AZ,85297,03D2162884,2025-03-13,Compliance,0,30000,,unspecified,PSC,03,ancillary_test_site,False
HONORHEALTH COMPLETE CARE EMERGENCY,,4805877872,5316 E SHEA BLVD STE 150,SCOTTSDALE,AZ,85254,03D2284901,2025-05-13,Compliance,0,234664,,unspecified,PSC,03,ancillary_test_site,False
"CABUN RURAL HEALTH SERVICES, LLC",,8707984299,402 SOUTH LEE STREET,HAMPTON,AR,71744,04D0465611,2026-03-03,Compliance,0,438,,unspecified,PSC,09,fqhc,False
STRONG CLINIC,,8707977620,253 SOUTH CONCORD,STRONG,AR,71765,04D0465612,2025-05-21,Compliance,0,3612,,unspecified,PSC,09,fqhc,False
MELBOURNE MEDICAL CLINIC,,8703684344,1526 EAST MAIN STREET,MELBOURNE,AR,72556,04D0468315,2026-01-21,Compliance,0,1830,,unspecified,PSC,25,rural_health_clinic,False
MCGEHEE FAMILY CLINIC,,8706904230,1507 SOUTH 1ST STREET,MCGEHEE,AR,71654,04D0872195,2025-10-22,Compliance,0,40191,,unspecified,PSC,25,rural_health_clinic,False
BOSTON MOUNTAIN RURAL HEALTH CENTER,,8704485733,2263 HWY 65 NORTH,MARSHALL,AR,72650,04D0887822,2025-08-21,Compliance,2,2473,,unspecified,PSC,09,fqhc,False
HOPE FAMILY PRACTICE CENTER,,8707778420,820 S MAIN ST,HOPE,AR,71801,04D0906640,2026-03-04,Compliance,0,5460,,unspecified,PSC,09,fqhc,False
WRMC MEDICAL COMPLEX LABORATORY,,8702576045,"195 HOSPITAL DRIVE, SUITE E",CHEROKEE VILLAGE,AR,72525,04D1048934,2025-02-06,Compliance,0,198430,,unspecified,PSC,06,community_clinic,False
WHITE RIVER HEALTH FAMILY CARE,,8705122500,2200 MALCOLM AVENUE SUITE B,NEWPORT,AR,72112,04D1060221,2025-11-12,Compliance,0,57021,,unspecified,PSC,25,rural_health_clinic,False
UNITY HEALTH LAB OF PATH,,5013802404,1200 SOUTH MAIN ST,SEARCY,AR,72143,04D2122809,2025-10-09,Compliance,0,15077,,unspecified,PSC,03,ancillary_test_site,False
"HEALTHY CONNECTIONS, INC - HOT SPRINGS CENTRAL",,8887108220,"3604 CENTRAL AVENUE, SUITE D",HOT SPRINGS,AR,71913,04D2143229,2026-01-06,Compliance,0,15706,,unspecified,PSC,09,fqhc,False
SAGER CREEK PEDIATRICS CLINIC,,4795494228,"1101-2 NORTH PROGRESS AVE, FIRST FLOOR",SILOAM SPRINGS,AR,72761,04D2299349,2026-03-25,Compliance,0,2654,,unspecified,PSC,09,fqhc,False
GENTRY MEDICAL CENTER,,4797362213,643 E THIRD STREET,GENTRY,AR,72734,04D2300377,2025-01-23,Compliance,0,11500,,unspecified,PSC,09,fqhc,False
SILOAM SPRINGS MEDICAL CENTER,,4795243141,451 SOUTH HOLLY ST,SILOAM SPRINGS,AR,72761,04D2300486,2025-01-22,Compliance,0,314680,,unspecified,PSC,09,fqhc,False
HARMONY HEALTH CLINIC,,8705870800,437 COUNTRY CLUB ROAD,OSCEOLA,AR,72370,04D2307207,2025-05-20,Compliance,0,2880,,unspecified,PSC,25,rural_health_clinic,False
HARMONY HEALTH CLINIC,,5014360222,130 J F BOULEVARD,LONOKE,AR,72086,04D2313286,2025-06-25,Compliance,0,3653,,unspecified,PSC,25,rural_health_clinic,False
PARIS WELLNESS CENTER,,4792705234,2000 E WOOD ST,PARIS,AR,72855,04D2334517,2025-11-21,Accreditation,0,0,,unspecified,PSC,09,fqhc,False
CEDARVILLE WELLNESS CENTER,,4792705242,708 PIRATES WAY,CEDARVILLE,AR,72932,04D2338217,2026-02-06,Accreditation,0,0,,unspecified,PSC,09,fqhc,False
CEDARS-SINAI MEDICAL CARE FOUNDATION,,3102487106,"18133 VENTURA BLVD, STE 201",TARZANA,CA,91356,05D0561012,2025-09-16,Compliance,0,885799,,unspecified,PSC,03,ancillary_test_site,False
PLANNED PARENTHOOD OF CALIFORNIA,,8888983806,518 GARDEN ST,SANTA BARBARA,CA,93101,05D0584503,2025-01-22,Compliance,7,13444,,unspecified,PSC,06,community_clinic,False
FAMILY HEALTHCARE NETWORK - DELANO,,5597374700,1230 JEFFERSON ST,DELANO,CA,93215,05D0585142,2025-07-21,Compliance,0,318919,,unspecified,PSC,09,fqhc,False
NORTH EAST MEDICAL SERVICES INC,,4153919686,"2171 JUNIPERO SERRA BLVD, STE 400",DALY CITY,CA,94014,05D0596124,2026-01-06,Compliance,0,234074,,unspecified,PSC,09,fqhc,False
PLANNED PARENTHOOD MAR MONTE,,4087953695,1691 THE ALAMEDA,SAN JOSE,CA,95126,05D0607705,2025-10-03,Compliance,29,34585,,unspecified,PSC,06,community_clinic,False
AHPN VISALIA MEDICAL CLINIC LABORATORY,,5597387517,5400 W HILLSDALE AVE,VISALIA,CA,93291,05D0643470,2025-07-24,Compliance,0,855909,,unspecified,PSC,03,ancillary_test_site,False
PALO ALTO MEDICAL FOUNDATION,,4087306132,"301 OLD SAN FRANCISCO RD, LEVEL A",SUNNYVALE,CA,94086,05D0707237,2025-10-09,Compliance,0,623468,,unspecified,PSC,03,ancillary_test_site,False
ORCHARD HOSPITAL CARDIOPULMONARY,,5308469046,240 SPRUCE ST,GRIDLEY,CA,95948,05D0710557,2025-04-16,Compliance,0,522,,unspecified,PSC,03,ancillary_test_site,False
"CASTLE FAMILY HEALTH CENTERS, INC AT CASTLE",,2093812000,3605 HOSPITAL RD,ATWATER,CA,95301,05D0900020,2025-07-09,Compliance,0,370597,,unspecified,PSC,03,ancillary_test_site,False
HUBERT H HUMPHREY COMPREHENSIVE,,3238976000,5850 S MAIN ST RM 1133,LOS ANGELES,CA,90003,05D1001109,2025-12-12,Compliance,0,10000,,unspecified,PSC,06,community_clinic,False
PLANNED PARENTHOOD OF PASADENA,,6267980706,"4070 STERLING WAY, RM 102",BALDWIN PARK,CA,91706,05D1055493,2025-04-17,Compliance,0,106000,,unspecified,PSC,06,community_clinic,False
UNIVERSAL PAIN MANAGEMENT,,6612676876,819 AUTO CENTER DR,PALMDALE,CA,93551,05D1089660,2025-12-02,Compliance,0,515796,,unspecified,PSC,03,ancillary_test_site,False
PALO ALTO MEDICAL FOUNDATION,,4087306132,15400 LOS GATOS BLVD,LOS GATOS,CA,95032,05D2096854,2026-02-04,Compliance,0,1302874,,unspecified,PSC,03,ancillary_test_site,False
VENICE FAMILY CLINIC- TORRANCE SKYPARK,,3103928636,23456 HAWTHORNE BLVD,TORRANCE,CA,90505,05D2320351,2025-03-17,Accreditation,0,0,,unspecified,PSC,09,fqhc,False
SUTTER PACIFIC MEDICAL FOUNDATION,,7075237220,240 KING STREET,SAN FRANCISCO,CA,94107,05D2321415,2025-04-03,Accreditation,0,0,,unspecified,PSC,03,ancillary_test_site,False
SAC HEALTH SYSTEM BLYTHE 110,,9093827100,126 NORTH SPRING SUITE 110,BLYTHE,CA,92225,05D2322736,2025-04-25,Accreditation,0,0,,unspecified,PSC,09,fqhc,False
UNITED HEALTH CENTERS OF THE SAN JOAQUIN VALLEY,,5596466618,290 N WAYTE LANE,FRESNO,CA,93701,05D2328115,2025-08-05,Accreditation,0,0,,unspecified,PSC,09,fqhc,False
JAMES WAY HEALTH CENTER,,8054737665,"2 JAMES WAY, SUITE 106",PISMO BEACH,CA,93449,05D2329806,2025-09-05,Accreditation,0,0,,unspecified,PSC,06,community_clinic,False
UNITED INDIAN HEALTH SERVICES- VALLEY EAST,,7078254175,4715 VALLEY EAST,ARCATA,CA,95521,05D2334342,2025-11-19,Accreditation,0,0,,unspecified,PSC,25,rural_health_clinic,False
UNITED INDIAN HEALTH SERVICES,,7078254175,434 7TH STREET,EUREKA,CA,95501,05D2337128,2026-01-15,Accreditation,0,0,,unspecified,PSC,25,rural_health_clinic,False
"ALTAMED MEDICAL GROUP - EAST LOS ANGELES/WHITTIER,",,8884499303,"6201 WHITTIER BLVD, STE 9",EAST LOS ANGELES,CA,90022,05D2338596,2026-02-12,Accreditation,0,0,,unspecified,PSC,09,fqhc,False
VENICE FAMILY CLINIC-HSD HEALTH AND DIGNITY CENTER,,3103928636,13435 S YUKON AVENUE,HAWTHORNE,CA,90250,05D2340231,2026-03-13,Accreditation,0,0,,unspecified,PSC,09,fqhc,False
CU NEUROMUSCULAR LAB,,3037244342,"12700 E 19TH AVE,  P15-5252",AURORA,CO,80045,06D0663206,2025-11-20,Compliance,0,150,,unspecified,PSC,03,ancillary_test_site,False
MIDDLE PARK HEALTH - WALDEN,,9707234255,350 MCKINLEY ST,WALDEN,CO,80480,06D0877112,2025-08-27,Compliance,0,167,,unspecified,PSC,06,community_clinic,False
GRACE HEALTH CLINIC LABORATORY,,3033434600,3191 SOUTH VAUGHN WAY,AURORA,CO,80014,06D2004180,2026-01-13,Compliance,0,1400,,unspecified,PSC,06,community_clinic,False
MIDDLE PARK HEALTH - WINTER PARK,,9708875839,"47 COOPER CREEK WAY,  STE 220",WINTER PARK,CO,80482,06D2124696,2025-08-27,Compliance,0,244,,unspecified,PSC,25,rural_health_clinic,False
CU MEDICINE INTERVENTIONAL RADIOLOGY,,7205160637,"9135 S RIDGELINE BLVD, SUITE 150",HIGHLANDS RANCH,CO,80129,06D2299496,2025-04-02,Compliance,0,1000,,unspecified,PSC,06,community_clinic,False
CU MEDICINE AT STEADMAN HAWKINS CLINIC DENVER,,7208724832,175 INVERNESS DRIVE SUITE 200,ENGLEWOOD,CO,80112,06D2309860,2025-08-11,Compliance,0,1800,,unspecified,PSC,06,community_clinic,False
CU MEDICINE FAMILY MEDICINE - CENTERFIELD,,7204622263,"8959 E 40TH AVE, SUITE 250",DENVER,CO,80238,06D2323704,2025-05-12,Accreditation,0,0,,unspecified,PSC,06,community_clinic,False
48TH AVE HEALTH CENTER,,3033129582,4600 E 48TH AVE,DENVER,CO,80216,06D2324345,2025-05-22,Accreditation,0,0,,unspecified,PSC,09,fqhc,False
FT LYON HEALTH CENTER,,3033129582,30999 CR15,LAS ANIMAS,CO,81054,06D2324347,2025-05-22,Accreditation,0,0,,unspecified,PSC,09,fqhc,False
HEALTH OUTREACH PROGRAM,,3033129582,2111 CHAMPA STREET,DENVER,CO,80205,06D2324348,2025-05-22,Accreditation,0,0,,unspecified,PSC,09,fqhc,False
JOHN PARVENSKY STOUT STREET RECUPERATIVE,,3033129582,2175 CALIFORNIA ST,DENVER,CO,80205,06D2324349,2025-05-22,Accreditation,0,0,,unspecified,PSC,09,fqhc,False
WEST END HEALTH CENTER,,3033129582,5050 W COLFAX AVE,DENVER,CO,80204,06D2324350,2025-05-22,Accreditation,0,0,,unspecified,PSC,09,fqhc,False
UPTOWN COMMUNITY HEALTH CENTER INC,,3033182620,"1960 N OGDEN ST, SUITE 320",DENVER,CO,80218,06D2333034,2025-10-29,Accreditation,0,0,,unspecified,PSC,09,fqhc,False
GREENWICH HOSPITAL WEST PUTNAM LABORATORY,,4752408273,500 WEST PUTNAM AVE,GREENWICH,CT,06830,07D0989347,2025-09-04,Compliance,0,11200,,unspecified,PSC,03,ancillary_test_site,False
BACKUS OUTPATIENT CARE CENTER LABORATORY,,8608922711,111 SALEM TPKE,NORWICH,CT,06360,07D1049768,2025-11-04,Compliance,0,12140,,unspecified,PSC,06,community_clinic,False
BRIDGEPORT HOSPITAL LABORATORY ANNEX,,2033730201,"5520 PARK AVE, STE 1-300A",TRUMBULL,CT,06611,07D1103993,2025-11-05,Compliance,0,60,,unspecified,PSC,03,ancillary_test_site,False
"PLANNED PARENTHOOD OF DELAWARE, WILMINGTON",,3026557296,625 NORTH SHIPLEY ST,WILMINGTON,DE,19801,08D0205759,2025-12-17,Compliance,4,1600,,unspecified,PSC,06,community_clinic,False
ST FRANCIS HOSPITAL RESP CARE DEPT,,3025758126,"701 N CLAYTON ST, RESPIRATORY THERAPY DEPT",WILMINGTON,DE,19805,08D0206020,2025-12-09,Compliance,0,10100,,unspecified,PSC,03,ancillary_test_site,False
PLANNED PARENTHOOD OF METROPOLITAN WASHINGTON DC,,2023478500,"1225 4TH STREET, NE",WASHINGTON,DC,20002,09D0209076,2025-09-10,Compliance,0,1000,,unspecified,PSC,06,community_clinic,False
GEORGE WASHINGTON UNIVERSITY MEDICAL FACULTY ASSOC,,2027412600,"2150 PENNSYLVANIA AVENUE, NW 2-121 MOHS LAB",WASHINGTON,DC,20037,09D0645021,2025-08-04,Compliance,0,250,,unspecified,PSC,03,ancillary_test_site,False
UNIVERSITY OF MIAMI DIABETES RESEARCH,,3052435314,1450 NW 10TH AVENUE ROOM 3033,MIAMI,FL,33136,10D0671907,2025-08-14,Compliance,0,450,,unspecified,PSC,03,ancillary_test_site,False
UNIVERSITY OF MIAMI HOSPITAL AND CLINICS -,,3052435426,8170 ROYAL PALM BLVD,CORAL SPRINGS,FL,33065,10D0998636,2025-08-18,Compliance,0,104570,,unspecified,PSC,06,community_clinic,False
UNIVERSITY OF MIAMI HOSPITAL AND CLINICS -,,3052435426,1192 E NEWPORT CENTER DR SUITE 100,DEERFIELD BEACH,FL,33442,10D1025302,2025-11-24,Compliance,0,523600,,unspecified,PSC,06,community_clinic,False
UNIVERSITY OF MIAMI HOSPITAL AND CLINICS -,,3052435426,8100 SW 10TH STREET CROSSROAD BUSINESS PARK BLG 3,PLANTATION,FL,33324,10D2036991,2025-10-14,Compliance,0,104570,,unspecified,PSC,06,community_clinic,False
DH MEDICAL LLC,,3862955626,735 DUNLAWTON AVE,PORT ORANGE,FL,32127,10D2278862,2025-10-03,Compliance,0,2000,,unspecified,PSC,03,ancillary_test_site,False
ADVANCED SPECIALTY INSTITUTE,,9417764000,6015 POINTE WEST BLVD,BRADENTON,FL,34209,10D2316995,2025-01-16,Accreditation,0,0,,unspecified,PSC,09,fqhc,False
HER HEALTH GYNECOLOGY LLC,,9413244966,6600 UNIVERSITY PKWY SUITE 305,LAKEWOOD RANCH,FL,34240,10D2317536,2025-01-27,Accreditation,0,0,,unspecified,PSC,06,community_clinic,False
EVARA HEALTH,,7278248181,1411 ULMERTON RD,LARGO,FL,33778,10D2319295,2025-02-26,Accreditation,0,0,,unspecified,PSC,09,fqhc,False
COASTAL COMMUNITY HEALTH SERVICES INC,,9122892006,1605 KINGSLEY AVE,ORANGE PARK,FL,32073,10D2321274,2025-04-01,Accreditation,0,0,,unspecified,PSC,09,fqhc,False
EVARA HEALTH,,7275037903,6450 38TH STREET N STE 400,SAINT PETERSBURG,FL,33710,10D2328876,2025-08-19,Accreditation,0,0,,unspecified,PSC,09,fqhc,False
EVARA THERAPEUTICS INC,,7275037903,26286 US HWY 19 N SUITE B-100,CLEARWATER,FL,33761,10D2332595,2025-10-22,Accreditation,0,0,,unspecified,PSC,09,fqhc,False
LOWNDES COUNTY HEALTH DEPARTMENT,,2293335259,206 SOUTH PATTERSON STREET,VALDOSTA,GA,31601,11D0674486,2025-02-18,Compliance,12,50,,unspecified,PSC,06,community_clinic,False
MEDICAL SPECIALISTS INC,,7065545147,305 JONES AVENUE,WAYNESBORO,GA,30830,11D0868280,2025-10-17,Compliance,0,97967,,unspecified,PSC,25,rural_health_clinic,False
ATRIUM HEALTH NAVICENT URGENT CARE NORTHWEST,,4787577865,5925 ZEBULON ROAD,MACON,GA,31210,11D0933828,2025-01-09,Compliance,0,13333,,unspecified,PSC,06,community_clinic,False
PIEDMONT WEST INFUSION CENTER,,4044257988,"1800 HOWELL MILL ROAD, SUITE 750",ATLANTA,GA,30318,11D2046408,2025-10-07,Compliance,0,2600,,unspecified,PSC,03,ancillary_test_site,False
MEDICAL ASSOCIATES PLUS,,7065951090,2508 UNIVERSITY DIRVE,THOMSON,GA,30824,11D2124233,2026-02-17,Compliance,0,178190,,unspecified,PSC,09,fqhc,False
COASTAL COMMUNITY HEALTH,,9125745086,1107 E 66TH ST,SAVANNAH,GA,31404,11D2319558,2025-03-04,Accreditation,0,0,,unspecified,PSC,09,fqhc,False
COASTAL COMMUNITY HEALTH,,9122892006,10804 US-82,NAHUNTA,GA,31553,11D2320553,2025-03-20,Accreditation,0,0,,unspecified,PSC,09,fqhc,False
COASTAL COMMUNITY HEALTH,,9122892006,5772 WATERS AVENUE,SAVANNAH,GA,31404,11D2320658,2025-03-21,Accreditation,0,0,,unspecified,PSC,09,fqhc,False
COASTAL COMMUNITY HEALTH - SHOPPERS WAY,,9122892006,106 SHOPPERS WAY  SUITE 101,BRUNSWICK,GA,31525,11D2332231,2025-10-16,Accreditation,0,0,,unspecified,PSC,09,fqhc,False
"TSPMG, INC FISCHER CROSSINGS MEDICAL CENTER",,7708709939,100 FISCHER CROSSINGS DRIVE,SHARPSBURG,GA,30277,11D2332242,2025-10-16,Accreditation,0,0,,unspecified,PSC,03,ancillary_test_site,False
COASTAL COMMUNITY HEALTH- COUNTY CLINIC,,9122758028,2747 FOURTH STREET,BRUNSWICK,GA,31520,11D2340192,2026-03-13,Accreditation,0,0,,unspecified,PSC,09,fqhc,False
STRAUB BENIOFF MED CTR MILILANI CLINIC & URG CARE,,8085224000,"95-1249 MEHEULA PARKWAY, BUILDING M",MILILANI,HI,96789,12D2327720,2025-07-28,Accreditation,0,0,,unspecified,PSC,06,community_clinic,False
MARIMN HEALTH,,2086861931,427 N 12TH ST,PLUMMER,ID,83851,13D0669093,2025-12-09,Compliance,0,95400,,unspecified,PSC,25,rural_health_clinic,False
BLACKFOOT MEDICAL CENTER,,2087858166,1441 PARKWAY DR,BLACKFOOT,ID,83221,13D0673165,2025-07-09,Compliance,0,276718,,unspecified,PSC,25,rural_health_clinic,False
COMMUNITY CARE REXBURG,,2083591770,404 N 2ND ST E,REXBURG,ID,83440,13D0962844,2025-07-10,Compliance,0,14490,,unspecified,PSC,25,rural_health_clinic,False
KOOTENAI HEALTH- POST FALLS,,2086254945,1300 E MULLAN AVE,POST FALLS,ID,83854,13D1081769,2025-02-24,Compliance,0,168189,,unspecified,PSC,06,community_clinic,False
GRAND PEAKS MEDICAL,,2083564900,72 S 1ST E,REXBURG,ID,83440,13D2100790,2025-04-22,Compliance,0,3459,,unspecified,PSC,09,fqhc,False
UPPER VALLEY COMMUNITY HEALTH SERVICES,,2086244100,2454 N 25TH EAST,IDAHO FALLS,ID,83401,13D2300666,2025-01-06,Compliance,0,1250,,unspecified,PSC,09,fqhc,False
ST LUKE'S CLINIC OBGYN NAMPA,,2082057700,9850 ST LUKE'S DR STE 229,NAMPA,ID,83687,13D2324983,2025-06-04,Accreditation,0,0,,unspecified,PSC,06,community_clinic,False
FULL CIRCLE HEALTH CALDWELL URGENT CARE,,2085142528,315 E ELM ST STE 100,CALDWELL,ID,83605,13D2331338,2025-09-30,Accreditation,0,0,,unspecified,PSC,09,fqhc,False
BOLINGBROOK IMMEDIATE CARE CENTER,,6305275150,130 N WEBER ROAD,BOLINGBROOK,IL,60440,14D0893846,2025-01-15,Compliance,0,36683,,unspecified,PSC,06,community_clinic,False
ELMHURST MEMORIAL LOMBARD HEALTH CENTER,,3312211622,130 S MAIN ST,LOMBARD,IL,60148,14D1038730,2025-10-01,Compliance,0,32920,,unspecified,PSC,03,ancillary_test_site,False
OSWEGO IMMEDIATE CARE,,6305275150,6701 US HIGHWAY 34,OSWEGO,IL,60543,14D1079153,2025-03-26,Compliance,0,17603,,unspecified,PSC,06,community_clinic,False
ADDISON CENTER FOR HEALTH,,3312211622,303 W LAKE ST,ADDISON,IL,60101,14D2044259,2025-09-16,Compliance,0,25800,,unspecified,PSC,03,ancillary_test_site,False
MERCYONE GENESIS MOLINE HEALTH PLAZA,,3092816083,3900 28TH AVE DR,MOLINE,IL,61265,14D2064079,2025-06-17,Compliance,0,58690,,unspecified,PSC,03,ancillary_test_site,False
CARDIAC MANAGEMENT CENTER,,6185490721,3905 W ERNESTINE LANE,MARION,IL,62959,14D2073577,2026-01-15,Compliance,0,11392,,unspecified,PSC,06,community_clinic,False
NORTH NAPERVILLE IMMEDIATE CARE,,6305275150,1804 N. NAPER BLVD SUITE 111,NAPERVILLE,IL,60563,14D2109810,2025-10-09,Compliance,0,11202,,unspecified,PSC,06,community_clinic,False
EDWARD ELMHURST HEALTH CENTER HINSDALE 1ST,,3312211622,8 SALT CREEK LN,HINSDALE,IL,60521,14D2113550,2025-09-18,Compliance,0,7250,,unspecified,PSC,03,ancillary_test_site,False
EDWARD ELMHURST HEALTH CENTER OAK PARK 3RD,,3312211722,932 W LAKE ST,OAK PARK,IL,60301,14D2123977,2025-09-17,Compliance,0,9220,,unspecified,PSC,03,ancillary_test_site,False
SODERSTROM DERMATOLOGY CENTER S C,,3096917479,5010 NORTH GLEN PARK PLACE,PEORIA,IL,61614,14D2196441,2025-06-27,Compliance,0,35996,,unspecified,PSC,03,ancillary_test_site,False
RUSH CANCER CARE LISLE,,3129429975,2455 CORPORATE WEST DR,LISLE,IL,60532,14D2302741,2025-04-15,Compliance,0,78000,,unspecified,PSC,03,ancillary_test_site,False
PCC COMMUNITY WELLNESS CENTER,,7733783347,5461 W LAKE ST,CHICAGO,IL,60644,14D2318296,2025-02-07,Accreditation,16,0,,unspecified,PSC,09,fqhc,False
ENDEAVOR HEALTH EVANSTON HOSPITAL - OB/GYN,,8474328000,2650 RIDGE AVE - WALGREENS BLDG - STE 1507,EVANSTON,IL,60201,14D2324921,2025-06-03,Accreditation,0,0,,unspecified,PSC,03,ancillary_test_site,False
ENDEAVOR HEALTH HIGHLAND PARK HOSPITAL - OB/GYN,,8474328000,777 PARK AVE W - 1ST FLR,HIGHLAND PARK,IL,60035,14D2324924,2025-06-03,Accreditation,0,0,,unspecified,PSC,03,ancillary_test_site,False
ERIE AT THE SANKOFA VILLAGE WELLNESS CENTER,,3126663494,4305 W MADISON ST - STE 300,CHICAGO,IL,60624,14D2326080,2025-06-26,Accreditation,0,0,,unspecified,PSC,09,fqhc,False
DPLM AT IU HEALTH - CICC NORTH LAB,,3176782716,10212 LANTERN RD,FISHERS,IN,46037,15D0897069,2025-03-05,Compliance,0,23131,,unspecified,PSC,03,ancillary_test_site,False
DPLM AT IU HEALTH - CICC METHODIST HOS,,3179629058,1701 N SENATE BLVD,INDIANAPOLIS,IN,46202,15D2144182,2025-01-22,Compliance,0,24271,,unspecified,PSC,03,ancillary_test_site,False
SOUTH CENTRAL IOWA MEDICAL CLINIC,,6418722063,417 SOUTH EAST STREET SUITE 100,CORYDON,IA,50060,16D0382708,2026-01-20,Compliance,0,2400,,unspecified,PSC,25,rural_health_clinic,False
EAST UNIVERSITY CLINIC & URGENT CARE,,5152825387,2508 EAST UNIVERSITY AVE,DES MOINES,IA,50317,16D0383790,2025-04-08,Compliance,0,31450,,unspecified,PSC,06,community_clinic,False
UNITYPOINT CLINIC,,5154485185,115 S PARK AVENUE,EAGLE GROVE,IA,50533,16D0384286,2025-08-20,Compliance,0,150,,unspecified,PSC,25,rural_health_clinic,False
STEWART MEMORIAL GOWRIE CLINIC,,7124648891,1800 MAIN STREET,GOWRIE,IA,50543,16D0384315,2026-01-27,Compliance,0,2052,,unspecified,PSC,25,rural_health_clinic,False
STEWART MEMORIAL ROCKWELL CITY CLINIC,,7122978989,505 EAST LAKE STREET,ROCKWELL CITY,IA,50579,16D0384367,2026-01-27,Compliance,0,15000,,unspecified,PSC,25,rural_health_clinic,False
ALLEN HOSPITAL COMMUNITY CANCER CENTER,,3192364724,3530 W 4TH STREET,WATERLOO,IA,50701,16D0384856,2025-01-07,Compliance,0,24635,,unspecified,PSC,03,ancillary_test_site,False
STEWART MEMORIAL LAKE VIEW CLINIC,,7126658555,1160 THIRD STREET,LAKE VIEW,IA,51450,16D0385667,2026-01-27,Compliance,0,5980,,unspecified,PSC,25,rural_health_clinic,False
MERCYCARE MONTICELLO,,3194655937,225 WELTER DR,MONTICELLO,IA,52310,16D0386671,2026-02-05,Compliance,0,31190,,unspecified,PSC,25,rural_health_clinic,False
WCHC FAMILY MEDICINE,,3196537291,1230 SOUTH IOWA AVENUE,WASHINGTON,IA,52353,16D0386746,2025-12-12,Compliance,0,3000,,unspecified,PSC,25,rural_health_clinic,False
MERCYONE GENESIS BETTENDORF,,5634215890,2140 53RD AVENUE,BETTENDORF,IA,52722,16D0387556,2025-12-15,Compliance,0,37588,,unspecified,PSC,03,ancillary_test_site,False
MERCYONE GENESIS ELDRIDGE LABORATORY,,5634219896,301 NORTH 4TH AVENUE,ELDRIDGE,IA,52748,16D0387698,2025-09-17,Compliance,0,20545,,unspecified,PSC,03,ancillary_test_site,False
MERCYONE GENESIS FAMILY MEDICAL CENTER,,5634214407,1345 WEST CENTRAL PARK AVENUE,DAVENPORT,IA,52804,16D0388034,2025-07-15,Compliance,0,7100,,unspecified,PSC,03,ancillary_test_site,False
SIOUXLAND COMMUNITY HEALTH CENTER,,7122522477,1021 NEBRASKA STREET,SIOUX CITY,IA,51105,16D0703355,2025-01-08,Compliance,4,97269,,unspecified,PSC,09,fqhc,False
BROADLAWNS CITYVILLE FAMILY MEDICINE,,5152828654,"580 SW 9TH STREET, SUITE 100",DES MOINES,IA,50309,16D0709678,2025-06-26,Compliance,0,11100,,unspecified,PSC,06,community_clinic,False
BROADLAWNS COMMUNITY CLINIC AT DRAKE,,5152165146,2970 UNIVERSITY AVE,DES MOINES,IA,50311,16D0880535,2025-06-26,Compliance,0,74265,,unspecified,PSC,06,community_clinic,False
STORY MEDICAL CLINIC- MAXWELL,,5153827732,403 FIRST STREET,MAXWELL,IA,50161,16D0956276,2025-08-12,Compliance,0,1000,,unspecified,PSC,25,rural_health_clinic,False
MERCYONE GENESIS DAVENPORT HEALTH PLAZA LABORATORY,,5634210060,3200 WEST KIMBERLY ROAD,DAVENPORT,IA,52806,16D2027320,2025-12-04,Compliance,0,23389,,unspecified,PSC,03,ancillary_test_site,False
GCH CLINICS,,5155238050,312 NORTH FREMONT STREET,STUART,IA,50250,16D2031908,2025-12-11,Compliance,0,1560,,unspecified,PSC,06,community_clinic,False
PELLA REGIONAL HEALTH CENTER,,6414555200,920 NORTH QUINCY AVENUE,OTTUMWA,IA,52501,16D2043757,2025-05-20,Compliance,0,1420,,unspecified,PSC,25,rural_health_clinic,False
MERCYONE GENESIS WOODLANDS CC LAB,,5634215320,4487 53RD AVE,BETTENDORF,IA,52722,16D2274996,2025-02-04,Compliance,0,28550,,unspecified,PSC,03,ancillary_test_site,False
UPH EMERGENCY DEPARTMENT-MARION,,3194512730,3301 ARMAR DR,MARION,IA,52302,16D2307836,2025-03-10,Compliance,0,49713,,unspecified,PSC,03,ancillary_test_site,False
COMMUNITY HEALTH CENTER OF SPENCER,,5155766500,223 W 7TH ST,SPENCER,IA,51301,16D2316523,2025-01-07,Accreditation,0,0,,unspecified,PSC,09,fqhc,False
WASHINGTON COUNTY HOSPITAL AND CLINICS,,3198633955,407 SOUTH WHITE ST,MOUNT PLEASANT,IA,52641,16D2340553,2026-03-18,Accreditation,0,0,,unspecified,PSC,03,ancillary_test_site,False
SCOTT CITY CLINIC,,6208722187,201 ALBERT AVE,SCOTT CITY,KS,67871,17D0453260,2025-06-04,Compliance,0,678,,unspecified,PSC,25,rural_health_clinic,False
PRIMARY CARE PARTNERS - HMC,,3162817312,720 MEDICAL CENTER DRIVE,NEWTON,KS,67114,17D0872258,2026-02-12,Compliance,0,329439,,unspecified,PSC,09,fqhc,False
FREEMAN PHYSICIAN GROUP OF PITTSBURG,,4173473494,1201 EAST CENTENNIAL,PITTSBURG,KS,66762,17D2066674,2026-03-11,Compliance,0,93686,,unspecified,PSC,03,ancillary_test_site,False
PARK DUVALLE COMMUNITY HEALTH CTR,,5027744401,3015 WILSON AVE,LOUISVILLE,KY,40211,18D0321510,2025-08-21,Compliance,4,45824,,unspecified,PSC,06,community_clinic,False
ANNVILLE MEDICAL CLINIC,,6063645162,78 HWY 3444,ANNVILLE,KY,40402,18D0322676,2025-07-29,Compliance,0,550,,unspecified,PSC,25,rural_health_clinic,False
EAST BERNSTADT MEDICAL CLINIC,,6068436195,2659 N LAUREL ROAD,EAST BERNSTADT,KY,40729,18D0323770,2025-07-31,Compliance,0,350,,unspecified,PSC,25,rural_health_clinic,False
SOMERSET PEDIATRIC & ADOLESCENT ASSOCIATES,,6066788155,350 LANGDON ST,SOMERSET,KY,42503,18D0326758,2025-07-30,Compliance,0,9050,,unspecified,PSC,09,fqhc,False
FAMILY MEDICAL CENTER OF HART COUNTY,,2705247231,117 WEST SOUTH ST,MUNFORDVILLE,KY,42765,18D0327121,2025-03-06,Compliance,0,71911,,unspecified,PSC,25,rural_health_clinic,False
UNIVERSITY OF LOUISVILLE ORAL PATHOLOGY LAB,,5025885654,501 S PRESTON ST,LOUISVILLE,KY,40202,18D0648475,2025-06-09,Compliance,0,2794,,unspecified,PSC,03,ancillary_test_site,False
FIRST CHOICE IMMEDIATE CARE MCCREARY,,6063765391,1900 N HWY 27,WHITLEY CITY,KY,42653,18D0692147,2025-03-19,Compliance,0,11382,,unspecified,PSC,09,fqhc,False
SAHETYA MEDICAL GROUP,,2705972168,1573 KY HWY 259 N,BROWNSVILLE,KY,42210,18D0705936,2025-07-25,Compliance,0,842,,unspecified,PSC,25,rural_health_clinic,False
PHYSICIANS FOR WOMEN AND FAMILIES,,6068868997,23 WILLOW DRIVE,AUXIER,KY,41602,18D0985218,2025-05-02,Compliance,3,13884,,unspecified,PSC,09,fqhc,False
RUSSELL FAMILY MEDICAL,,2708663161,404 STEVE DRIVE,RUSSELL SPRINGS,KY,42642,18D0998251,2025-10-07,Compliance,0,4404,,unspecified,PSC,09,fqhc,False
MCKEE MEDICAL CLINIC,,6062875162,25 STATE HWY 290,MC KEE,KY,40447,18D1004701,2025-08-06,Compliance,0,350,,unspecified,PSC,25,rural_health_clinic,False
ALBAREE HEALTH SERVICES LLC,,6063498100,"900 TOM FRAZIER WAY, STE 200",SALYERSVILLE,KY,41465,18D1043255,2025-05-09,Compliance,0,521,,unspecified,PSC,25,rural_health_clinic,False
"GRACE COMMUNITY HEALTH CENTER, INC D/B/A",,6065269005,14662 N US HIGHWAY 25E N,CORBIN,KY,40701,18D1087809,2025-02-24,Compliance,42,5000,,unspecified,PSC,09,fqhc,False
MT STERLING PEDIATRICS,,8594985243,401 COMMERCE CIRCLE,MOUNT STERLING,KY,40353,18D1095716,2025-06-05,Compliance,0,2044,,unspecified,PSC,25,rural_health_clinic,False
MARTIN COUNTY COMMUNITY HEALTH CENTER,,6062983412,"6500 HIGHWAY 645,  SUITE 110",INEZ,KY,41224,18D1099421,2025-10-22,Compliance,8,16094,,unspecified,PSC,09,fqhc,False
MOREHEAD PEDIATRICS,,6067400986,130 NEW TOWNE SQUARE,MOREHEAD,KY,40351,18D2090593,2025-07-23,Compliance,0,1200,,unspecified,PSC,25,rural_health_clinic,False
ALBANY FAMILY MEDICAL,,6063875953,127 FOOTHILLS AVENUE,ALBANY,KY,42602,18D2137482,2025-06-13,Compliance,0,6000,,unspecified,PSC,09,fqhc,False
MCHC MIDDLESBORO MEDICCAMPUS CLINIC,,6066549450,1530 US HIGHWAY 25 EAST,MIDDLESBORO,KY,40965,18D2140318,2025-06-12,Compliance,0,89736,,unspecified,PSC,09,fqhc,False
PIKEVILLE COMMUNITY HEALTH CENTER,,6066376377,50 WEDDINGTON BRANCH ROAD SUITE B,PIKEVILLE,KY,41501,18D2167677,2025-08-05,Compliance,3,5754,,unspecified,PSC,09,fqhc,False
TJ HEALTH SCOTTSVILLE CLINIC,,2702393424,1084 VETERANS MEMORIAL HIGHWAY,SCOTTSVILLE,KY,42164,18D2212740,2025-03-11,Compliance,0,78000,,unspecified,PSC,25,rural_health_clinic,False
MCHC ELKHORN CITY MEDICAL CLINIC,,6067548445,115 WEST RUSSELL STREET,ELKHORN CITY,KY,41522,18D2227302,2025-06-10,Compliance,0,45706,,unspecified,PSC,09,fqhc,False
FRANKFORT PEDIATRICS,,5028750561,"89 C MICHAEL DAVENPORT BLVD, SUITE 2",FRANKFORT,KY,40601,18D2228342,2025-11-06,Compliance,0,828,,unspecified,PSC,09,fqhc,False
MCHC KNOTT COUNTY MEDICAL CLINIC,,6067859440,396 HIGHWAY 899,HINDMAN,KY,41822,18D2231386,2025-06-11,Compliance,0,58223,,unspecified,PSC,09,fqhc,False
FREEBURN COMMUNITY HEALTH CENTER,,6069845484,136 PARK ROAD,FREEBURN,KY,41528,18D2233119,2025-10-21,Compliance,0,6882,,unspecified,PSC,09,fqhc,False
JOHNSON COUNTY COMMUNITY HEALTH CENTER,,6068876145,450 SOUTH MAYO TRAIL,PAINTSVILLE,KY,41240,18D2294977,2025-03-26,Compliance,3,5916,,unspecified,PSC,09,fqhc,False
FIRST CHOICE IMMEDIATE CARE LINCOLN,,6066696006,135 WADE OWENS RD,STANFORD,KY,40484,18D2307706,2025-07-29,Compliance,0,702,,unspecified,PSC,09,fqhc,False
CINCINNATI CHILDREN'S HOSPITAL UNION,,8593445390,2015 CHILDREN'S WAY,UNION,KY,41091,18D2321045,2025-03-28,Accreditation,0,0,,unspecified,PSC,03,ancillary_test_site,False
DESOTO REGIONAL FAMILY MEDICINE,,3182703154,130 JEFFERSON STREET,MANSFIELD,LA,71052,19D0463227,2026-02-26,Compliance,0,27500,,unspecified,PSC,25,rural_health_clinic,False
NCMC MEDICAL & SURGICAL,,3183754117,815 SOUTH PINE STREET,VIVIAN,LA,71082,19D0694058,2025-01-13,Compliance,0,13325,,unspecified,PSC,25,rural_health_clinic,False
DESOTO REGIONAL FAMILY MEDICINE LOGANSPORT,,3186186013,808 MAIN STREET,LOGANSPORT,LA,71049,19D0930340,2025-02-18,Compliance,0,19380,,unspecified,PSC,06,community_clinic,False
TULANE UNIVERSITY HEALTH SCIENCES CENTER,,5049882208,"1430 TULANE AVENUE, 86-79, ROOM 6524",NEW ORLEANS,LA,70112,19D0994686,2025-06-10,Compliance,0,32000,,unspecified,PSC,03,ancillary_test_site,False
ARK-LA-TEX SPINE,,3188419999,8660 FERN AVE SUITE 105,SHREVEPORT,LA,71105,19D2064386,2025-05-16,Compliance,0,35730,,unspecified,PSC,06,community_clinic,False
SOUTH BOSSIER MEDICAL,,3187351800,5668 BARKSDALE BLVD,BOSSIER CITY,LA,71112,19D2294094,2025-11-13,Compliance,0,10200,,unspecified,PSC,25,rural_health_clinic,False
TULANE TOTAL HEALTH CLINIC,,5049883002,711 N BROAD,NEW ORLEANS,LA,70119,19D2325175,2025-06-09,Accreditation,0,0,,unspecified,PSC,06,community_clinic,False
BUCKSPORT REGIONAL HEALTH CENTER,,2074697371,110 BROADWAY,BUCKSPORT,ME,04416,20D0089544,2025-11-07,Compliance,0,134581,,unspecified,PSC,09,fqhc,False
YORK HOSPITAL AT WELLS,,2076418030,114 SANFORD ROAD,WELLS,ME,04090,20D0963890,2025-05-07,Compliance,0,14807,,unspecified,PSC,06,community_clinic,False
YORK HOSPITAL MEDICAL SERVICES,,2073616108,75 US ROUTE 1 BYPASS,KITTERY,ME,03904,20D1074511,2025-01-07,Compliance,0,2200,,unspecified,PSC,06,community_clinic,False
BALTIMORE CITY HEALTH DEPT DRUID SEXUAL HEALTH CLI,,4103960176,1501 WEST SARATOGA STREET ROOM #010,BALTIMORE,MD,21223,21D0710716,2025-09-18,Compliance,0,1200,,unspecified,PSC,06,community_clinic,False
PLANNED PARENTHOOD,,3012081300,19650 CLUBHOUSE RD #101,GAITHERSBURG,MD,20879,21D0937525,2025-09-22,Compliance,0,500,,unspecified,PSC,06,community_clinic,False
"MARYLAND ONCOLOGY HEMATOLOGY, PA",,3019829800,7140 CONTEE ROAD #3500,LAUREL,MD,20707,21D2099926,2025-06-18,Compliance,0,20130,,unspecified,PSC,06,community_clinic,False
"PLANNED PARENTHOOD OF METROPOLITAN WASHINGTON, DC",,2405631221,5001 SILVER HILL RD #103,SUITLAND,MD,20746,21D2109713,2026-01-28,Compliance,0,1000,,unspecified,PSC,06,community_clinic,False
MEDSTAR HEM ONC AND INFUSION AT FRANKLIN SQUARE LO,,4437777184,5601 LOCH RAVEN BLVD SUITE 103,BALTIMORE,MD,21239,21D2187808,2025-12-09,Compliance,0,5700,,unspecified,PSC,03,ancillary_test_site,False
EMERSON HOSPITAL CENTER FOR SPECIALTY CARE,,9782873352,54 BAKER AVENUE EXTENSION,CONCORD,MA,01742,22D1074150,2025-07-23,Compliance,0,4220,,unspecified,PSC,03,ancillary_test_site,False
ELM TREE CLINIC LLC,,6173023343,21 SCHOOL ST,QUINCY,MA,02169,22D2144408,2025-05-15,Compliance,0,381100,,unspecified,PSC,06,community_clinic,False
CAMBRIDGE HEALTH ALLIANCE HOSPITAL CAMPUSES,,6176651239,1493 CAMBRIDGE ST,CAMBRIDGE,MA,02139,22D2338218,2026-02-06,Accreditation,3,0,,unspecified,PSC,03,ancillary_test_site,False
MACKINAC ISLAND MEDICAL CENTER,,9066430412,7474 MARKET STREET,MACKINAC ISLAND,MI,49757,23D0724422,2025-06-25,Compliance,0,570,,unspecified,PSC,06,community_clinic,False
MCLAREN MACOMB HARRINGTON MOB,,5864938143,21510 HARRINGTON,CLINTON TOWNSHIP,MI,48036,23D2277972,2025-08-11,Compliance,0,1200,,unspecified,PSC,03,ancillary_test_site,False
CATHERINE'S HEALTH CENTER DEGAGE,,6163368800,129 JEFFERSON AVENUE SE ROOM 1,GRAND RAPIDS,MI,49503,23D2331915,2025-10-10,Accreditation,0,0,,unspecified,PSC,09,fqhc,False
UPPER GREAT LAKES FAMILY HEALTH CENTER OB,,9064831050,500 CAMPUS DRIVE,HANCOCK,MI,49930,23D2337604,2026-01-27,Accreditation,2,0,,unspecified,PSC,09,fqhc,False
HAMILTON COMMUNITY HEALTH NETWORK,,8109640333,4009 DAVISON ROAD,BURTON,MI,48509,23D2339466,2026-03-03,Accreditation,0,0,,unspecified,PSC,09,fqhc,False
NEIGHBORHOOD HEALTH SOURCE - FREMONT CLINIC,,6125889411,3300 FREMONT AVENUE N,MINNEAPOLIS,MN,55412,24D0401786,2026-02-19,Compliance,0,2039,,unspecified,PSC,09,fqhc,False
NEIGHBORHOOD HEALTH SOURCE CENTRAL AVENUE CLINIC,,6122773183,2301 CENTRAL AVENUE NE,MINNEAPOLIS,MN,55418,24D0402086,2026-02-23,Compliance,0,4901,,unspecified,PSC,09,fqhc,False
CMH RAITER FAMILY CLINIC,,2188787017,417 SKYLINE BLVD,CLOQUET,MN,55720,24D0403641,2025-07-08,Compliance,0,182686,,unspecified,PSC,06,community_clinic,False
BIGFORK VALLEY LABORATORY-FLOODWOOD,,2184762221,810 POPLAR STREET,FLOODWOOD,MN,55736,24D0403675,2025-04-24,Compliance,0,990,,unspecified,PSC,06,community_clinic,False
BOIS FORTE MEDICAL CLINIC LAB,,2187573650,5219 ST JOHN'S DRIVE,NETT LAKE,MN,55772,24D0403795,2025-10-23,Compliance,0,1404,,unspecified,PSC,06,community_clinic,False
"ACCESS HEALTH MARSHALL (RURAL HEALTH CARE, INC)",,5075379179,1521 CARLSON ST,MARSHALL,MN,56258,24D0405531,2025-10-30,Compliance,0,35411,,unspecified,PSC,25,rural_health_clinic,False
LAKEWOOD HEALTH SYSTEM - BROWERVILLE CLINIC,,2188948435,30535 241ST AVE,BROWERVILLE,MN,56438,24D0406174,2025-12-29,Compliance,0,4327,,unspecified,PSC,06,community_clinic,False
LAKEWOOD HEALTH SYSTEM-EAGLE BEND CLINIC,,2188948435,815 HWY 71 SOUTH,EAGLE BEND,MN,56446,24D0674215,2026-03-26,Compliance,0,2887,,unspecified,PSC,06,community_clinic,False
CCM HEALTH - CLARA CITY,,3203672871,140 NW 1ST ST,CLARA CITY,MN,56222,24D0696913,2025-03-24,Compliance,0,1456,,unspecified,PSC,25,rural_health_clinic,False
NEIGHBORHOOD HEALTH SOURCE SHERIDAN CLINIC,,6125889411,342 13TH AVE NE,MINNEAPOLIS,MN,55413,24D0915517,2025-11-20,Compliance,0,603,,unspecified,PSC,09,fqhc,False
BOIS FORTE VERMILION CLINIC,,2187532182,1613 FARM RD S,TOWER,MN,55790,24D0933577,2025-04-03,Compliance,0,2049,,unspecified,PSC,06,community_clinic,False
LAKEWOOD HEALTH SYSTEM - MOTLEY CLINIC,,2188948435,1233 HWY 10,MOTLEY,MN,56466,24D0939686,2025-11-13,Compliance,0,5403,,unspecified,PSC,06,community_clinic,False
SANFORD WORTHINGTON CLINIC,,5073723862,1680 DIAGONAL ROAD,WORTHINGTON,MN,56187,24D0947884,2025-05-22,Compliance,0,48260,,unspecified,PSC,06,community_clinic,False
NATIVE AMERICAN COMMUNITY CLINIC,,6128728086,1213 E FRANKLIN AVE,MINNEAPOLIS,MN,55404,24D1003005,2025-07-25,Compliance,2,3426,,unspecified,PSC,06,community_clinic,False
LAKEWOOD HEALTH SYSTEM - PILLAGER CLINIC,,2188948435,653 PILLSBURY ST N,PILLAGER,MN,56473,24D1018667,2026-01-22,Compliance,0,18264,,unspecified,PSC,06,community_clinic,False
SCENIC RIVERS HEALTH SERVICES - EVELETH,,2183613308,239 MCKINLEY AVENUE,EVELETH,MN,55734,24D1021726,2025-10-22,Compliance,0,5765,,unspecified,PSC,06,community_clinic,False
MEEKER MEMORIAL HOSPITAL & CLINICS - DASSEL,,3206934504,740 PARKER STREET,DASSEL,MN,55325,24D1061395,2025-09-16,Compliance,0,4017,,unspecified,PSC,25,rural_health_clinic,False
HENNEPIN HEALTHCARE COMMUNITY LABORATORIES,,6128733019,2714 COUNTY RD 88,ST ANTHONY,MN,55418,24D2016501,2026-01-23,Compliance,7,100,,unspecified,PSC,06,community_clinic,False
LOWER SIOUX HEALTH CARE CENTER,,5076978955,39648 RESERVATION HIGHWAY 3,MORTON,MN,56270,24D2108574,2026-01-15,Compliance,0,12010,,unspecified,PSC,09,fqhc,False
MAYO CLINIC METHODIST CAMPUS PPM OB PRACTICE,,5072935010,200 FIRST STREET SW,ROCHESTER,MN,55905,24D2333895,2025-11-13,Accreditation,0,0,,unspecified,PSC,03,ancillary_test_site,False
PONTOTOC HLTH SRVCS DBA NEW ALBANY MEDICAL CLINIC,,6625345036,400 DOCTORS DR,NEW ALBANY,MS,38652,25D0316467,2025-07-22,Compliance,0,14405,,unspecified,PSC,25,rural_health_clinic,False
NORTH MISSISSIPPI MED CTR DBA CHILDREN'S CLINIC,,6623777337,199 GRANDSTAND PLACE,TUPELO,MS,38804,25D0316911,2025-07-17,Compliance,0,26055,,unspecified,PSC,25,rural_health_clinic,False
MANTACHIE RURAL HEALTH CARE INC,,6622824226,5681 HWY 363,MANTACHIE,MS,38855,25D0317142,2025-11-20,Compliance,0,10500,,unspecified,PSC,09,fqhc,False
MCCOMB CHILDREN'S CLINIC LABORATORY,,6016847623,309 LLEWELLYN,MCCOMB,MS,39648,25D0320050,2025-09-03,Compliance,0,5429,,unspecified,PSC,06,community_clinic,False
HATTIESBURG CLINIC - OB-GYN LAB,,6012686000,421 SOUTH 28TH AVENUE,HATTIESBURG,MS,39401,25D0662435,2025-02-13,Compliance,0,44318,,unspecified,PSC,06,community_clinic,False
HATTIESBURG CLINIC PULMONARY LAB,,6012685650,415 SOUTH 28TH AVENUE,HATTIESBURG,MS,39401,25D0662436,2025-04-30,Compliance,0,1065,,unspecified,PSC,03,ancillary_test_site,False
NMMCI DBA BARNES CROSSING FAMILY MEDICAL CLINIC,,6623777933,903 MISSISSIPPI DRIVE,TUPELO,MS,38804,25D0665723,2025-02-13,Compliance,0,118771,,unspecified,PSC,06,community_clinic,False
FAMILY MEDICAL GROUP,,6013848202,595 MAIN STREET,MEADVILLE,MS,39653,25D0879806,2025-11-18,Compliance,0,15300,,unspecified,PSC,25,rural_health_clinic,False
SUNFLOWER RURAL HEALTH CLINIC,,6627564024,840 NORTH OAK AVE,RULEVILLE,MS,38771,25D0880658,2025-07-09,Compliance,0,203183,,unspecified,PSC,25,rural_health_clinic,False
MRHC EXPRESS CARE,,6622861499,3704 US-72 HWY W,CORINTH,MS,38834,25D0890661,2025-11-19,Compliance,0,7077,,unspecified,PSC,25,rural_health_clinic,False
URGENT CARE CLINIC OF OXFORD,,6622341090,1487 BELK BLVD,OXFORD,MS,38655,25D0898810,2025-06-10,Compliance,0,15562,,unspecified,PSC,06,community_clinic,False
"WEBSTER HEALTH SERVICES, INC DBA CALHOUN COUNTY",,6626281337,595 E VETERANS DR,CALHOUN CITY,MS,38916,25D1016514,2025-09-24,Compliance,0,4682,,unspecified,PSC,25,rural_health_clinic,False
BAPTIST MEDICAL CLINIC WALNUT GROVE,,6012530173,110 PARK STREET,WALNUT GROVE,MS,39189,25D1064543,2025-05-15,Compliance,0,2718,,unspecified,PSC,25,rural_health_clinic,False
YALOBUSHA GENERAL HOSPITAL ODOM LOCATION,,6624735267,604 S MAIN ST,WATER VALLEY,MS,38965,25D2002570,2025-08-14,Compliance,0,67093,,unspecified,PSC,25,rural_health_clinic,False
WEBSTER HEALTH SERVICES DBA,,6622589260,70 MEDICAL PLAZA,EUPORA,MS,39744,25D2074789,2026-01-13,Compliance,0,749,,unspecified,PSC,25,rural_health_clinic,False
WEBSTER HEALTH SERV DBA KILMICHAEL FAM MED CLINIC,,6622625577,301 LAMAR STREET,KILMICHAEL,MS,39747,25D2108368,2025-09-09,Compliance,0,7756,,unspecified,PSC,25,rural_health_clinic,False
OSCEOLA FAMILY MEDICAL CENTER,,4176465075,855 ARDUSER DRIVE,OSCEOLA,MO,64776,26D0445440,2025-08-26,Compliance,0,5722,,unspecified,PSC,25,rural_health_clinic,False
FREEMAN HEALTH SYSTEM EAST CAMPUS,,4173473494,932 EAST 34TH ST,JOPLIN,MO,64804,26D0445646,2025-05-13,Compliance,0,669,,unspecified,PSC,03,ancillary_test_site,False
CENTRAL OZARKS MEDICAL CENTER,,5737219029,304 W WASHINGTON AVE,RICHLAND,MO,65556,26D0446983,2025-01-02,Compliance,0,30120,,unspecified,PSC,09,fqhc,False
BUTTERFIELD PARK MEDICAL CENTER,,4173267676,1300 N OAKLAND,BOLIVAR,MO,65613,26D0447115,2025-09-03,Compliance,0,15683,,unspecified,PSC,25,rural_health_clinic,False
STOCKTON FAMILY CARE CENTER,,4172765131,1521 SOUTH 3RD STREET,STOCKTON,MO,65785,26D0447515,2025-07-01,Compliance,0,16462,,unspecified,PSC,25,rural_health_clinic,False
FERRELL DUNCAN CLINIC,,4178753147,1001 E PRIMROSE,SPRINGFIELD,MO,65807,26D0447998,2025-04-01,Compliance,0,1058572,,unspecified,PSC,03,ancillary_test_site,False
SAMC LABORATORY SERVICES ONCOLOGY SINDELAR,,3145254152,10050 KENNERLY ROAD,SAINT LOUIS,MO,63128,26D0664296,2025-08-13,Compliance,0,30000,,unspecified,PSC,03,ancillary_test_site,False
HUMANSVILLE FAMILY MEDICAL CENTER,,4177542223,201 S ARTHUR,HUMANSVILLE,MO,65674,26D0675153,2025-07-15,Compliance,0,5183,,unspecified,PSC,25,rural_health_clinic,False
WASHINGTON UNIVERSITY SCHOOL OF MEDICINE PFT LAB,,3147473002,4921 PARKVIEW PLACE CAM SUITE 8D PFT,SAINT LOUIS,MO,63110,26D0708444,2025-11-13,Compliance,0,7000,,unspecified,PSC,03,ancillary_test_site,False
DADE COUNTY FAMILY MEDICAL CENTER,,4176375133,"105 N GRAND, SUITE 2",GREENFIELD,MO,65661,26D0876194,2025-01-21,Compliance,0,5030,,unspecified,PSC,25,rural_health_clinic,False
ASH GROVE FAMILY MEDICAL CENTER,,4177512100,500 N MEDICAL DRIVE,ASH GROVE,MO,65604,26D0883241,2025-07-22,Compliance,0,4335,,unspecified,PSC,25,rural_health_clinic,False
DALLAS COUNTY FAMILY MEDICAL CENTER,,4173456100,201 SOUTH ASH STREET,BUFFALO,MO,65622,26D0906644,2026-01-14,Compliance,0,24149,,unspecified,PSC,25,rural_health_clinic,False
PLEASANT HOPE FAMILY MEDICAL CENTER,,4177616655,209 S MAIN,PLEASANT HOPE,MO,65725,26D0979022,2025-07-29,Compliance,0,7230,,unspecified,PSC,25,rural_health_clinic,False
CMH OB/GYN AND PEDIATRIC CLINIC,,4177772121,1195 N OAKLAND AVE,BOLIVAR,MO,65613,26D1002001,2025-10-08,Compliance,0,1020,,unspecified,PSC,25,rural_health_clinic,False
JORDAN VALLEY COMMUNITY HEALTH CENTER,,4178310150,440 E TAMPA,SPRINGFIELD,MO,65806,26D1013631,2025-04-02,Compliance,0,156790,,unspecified,PSC,09,fqhc,False
SITEMAN CANCER CENTER LABORATORY,,6369169976,150 ENTRANCE WAY,ST PETERS,MO,63376,26D1035285,2025-01-21,Compliance,0,120000,,unspecified,PSC,03,ancillary_test_site,False
UNIV OF MO HEALTH CARE DERMATOLOGY & SKIN,,5738840123,4230 PHILIPS FARM ROAD,COLUMBIA,MO,65201,26D1040584,2025-01-14,Compliance,0,13800,,unspecified,PSC,03,ancillary_test_site,False
CMH WALK IN CLINIC,,4177774800,2230 S SPRINGFIELD AVE STE H-J,BOLIVAR,MO,65613,26D1106464,2025-07-22,Compliance,0,11478,,unspecified,PSC,25,rural_health_clinic,False
CMH BOLIVAR FAMILY CARE CENTER,,4173266021,1240 NORTH BUTTERFIELD ROAD,BOLIVAR,MO,65613,26D2000908,2025-07-29,Compliance,0,49114,,unspecified,PSC,25,rural_health_clinic,False
MIZZOU URGENT CARE- MEXICO,,5735811812,3626 SOUTH CLARK STREET SUITE C,MEXICO,MO,65265,26D2012555,2025-05-21,Compliance,0,1433,,unspecified,PSC,03,ancillary_test_site,False
SOUTHSIDE MEDICAL CENTER,,4173267814,1120 S SPRINGFIELD AVE,BOLIVAR,MO,65613,26D2031008,2025-07-15,Compliance,0,5635,,unspecified,PSC,25,rural_health_clinic,False
OZARKS COMMUNITY HEALTH CENTER - URBANA,,4179931002,406 S DALLAS ST,URBANA,MO,65767,26D2106475,2026-01-14,Compliance,0,9356,,unspecified,PSC,09,fqhc,False
EL DORADO SPRINGS MEDICAL CENTER,,4178762118,322 E HOSPITAL ROAD,ELDORADO SPRINGS,MO,64744,26D2123372,2025-07-01,Compliance,0,12157,,unspecified,PSC,25,rural_health_clinic,False
MISSOURI HIGHLANDS CLINICAL LAB,,5736632313,225 PHYSICIANS PARK DRIVE SUITE 104,POPLAR BLUFF,MO,63901,26D2140890,2025-11-04,Compliance,0,120000,,unspecified,PSC,09,fqhc,False
MIZZOU URGENT CARE,,5738821662,3916 S PROVIDENCE RD,COLUMBIA,MO,65201,26D2161765,2025-09-17,Compliance,0,22000,,unspecified,PSC,03,ancillary_test_site,False
MISSOURI HIGHLANDS URGENT CARE LAB,,5733510132,109 PLUM STREET,DONIPHAN,MO,63935,26D2170104,2025-11-05,Compliance,0,167765,,unspecified,PSC,09,fqhc,False
CMH WILLARD MEDICAL CENTER,,4177616655,502 S MILLER RD,WILLARD,MO,65781,26D2243424,2025-10-01,Compliance,0,5645,,unspecified,PSC,25,rural_health_clinic,False
WASHINGTON UNIVERSITY SCHOOL OF MEDICINE-,,3147473002,10 BARNES WEST MOB#2,CREVE COEUR,MO,63141,26D2271954,2025-04-15,Compliance,0,1800,,unspecified,PSC,03,ancillary_test_site,False
JACKSON ROAD MEDICAL BUILDING,,6608823421,516 JACKSON ROAD,BOONVILLE,MO,65233,26D2275848,2025-09-16,Compliance,0,7650,,unspecified,PSC,03,ancillary_test_site,False
LOGAN HEALTH PRIMARY CARE EUREKA,,4062973145,304 OSLOSKI ROAD,EUREKA,MT,59917,27D0879413,2025-10-22,Compliance,0,3850,,unspecified,PSC,25,rural_health_clinic,False
BENEFIS HELENA NORTHEAST,,4064554658,2960 N WASHINGTON ST,HELENA,MT,59602,27D2227819,2025-06-02,Compliance,0,41550,,unspecified,PSC,06,community_clinic,False
BILLINGS CLINIC BOZEMAN,,4068981200,3905 WELLNESS WAY,BOZEMAN,MT,59718,27D2265176,2025-03-12,Compliance,0,72913,,unspecified,PSC,03,ancillary_test_site,False
BITTERROOT HEALTH - STEVI CLINIC,,4067776002,3975 US HIGHWAY 93N,STEVENSVILLE,MT,59870,27D2279585,2025-04-29,Compliance,0,13679,,unspecified,PSC,25,rural_health_clinic,False
MARIAS HEALTHCARE SERVICES INC,,4064343110,1950 W ROOSEVELT HWY,SHELBY,MT,59474,27D2311696,2025-03-05,Compliance,0,57572,,unspecified,PSC,09,fqhc,False
BENEFIS LEWISTOWN URGENT CARE,,4064555449,1422 WEST MAIN STREET,LEWISTOWN,MT,59457,27D2329202,2026-02-10,Compliance,0,675,,unspecified,PSC,06,community_clinic,False
NORTHWEST COMMUNITY HEALTH CENTER-TROY SITE,,4062836900,102 SANDALWOOD COURT,TROY,MT,59935,27D2337790,2026-01-29,Accreditation,0,0,,unspecified,PSC,09,fqhc,False
NEWMAN GROVE MEDICAL CLINIC,,4024476214,108 N 1ST STREET,NEWMAN GROVE,NE,68758,28D0455621,2025-01-22,Compliance,0,248,,unspecified,PSC,25,rural_health_clinic,False
NANCE COUNTY MEDICAL CLINIC,,3085362446,405 BROADWAY STREET,FULLERTON,NE,68638,28D0877347,2025-01-22,Compliance,0,312,,unspecified,PSC,25,rural_health_clinic,False
SANTEE HEALTH AND WELLNESS CENTER,,4028572300,110 S VISITING EAGLE ST,NIOBRARA,NE,68760,28D0893490,2025-03-20,Compliance,0,2280,,unspecified,PSC,06,community_clinic,False
HUMBOLDT FAMILY MEDICINE,,4028623280,1120 GRAND AVENUE,HUMBOLDT,NE,68376,28D1041323,2025-02-27,Compliance,0,714,,unspecified,PSC,25,rural_health_clinic,False
"CHARLES DREW HEALTH CENTER, INC AT MOBILE",,4024513553,2915 GRANT ST,OMAHA,NE,68111,28D2329429,2025-08-28,Accreditation,2,0,,unspecified,PSC,09,fqhc,False
ONEWORLD HILLSIDE SCHOOL BASED HEALTH CENTER,,4029132477,7500 WESTERN AVE,OMAHA,NE,68114,28D2337451,2026-01-23,Accreditation,0,0,,unspecified,PSC,09,fqhc,False
PLANNED PARENTHOOD MAR MONTE - RENO FIFTH,,4087953695,8025 S VIRGINIA ST,RENO,NV,89511,29D0539904,2025-04-29,Accreditation,2,0,,unspecified,PSC,06,community_clinic,False
YORK HOSPITAL ONCOLOGY SERVICES,,2073513777,127 LONG SANDS ROAD,YORK,ME,03909,30D0883382,2025-01-07,Compliance,0,24887,,unspecified,PSC,03,ancillary_test_site,False
ELLIOT POINT OF CARE LAB AT RIVER'S EDGE,,6036633555,185 QUEEN CITY AVE,MANCHESTER,NH,03101,30D2020544,2025-10-21,Compliance,5,15200,,unspecified,PSC,03,ancillary_test_site,False
COOPER VOORHEES CAMPUS,,8563256762,900 CENTENNIAL BLVD,VOORHEES,NJ,08043,31D0700883,2025-04-15,Compliance,0,28146,,unspecified,PSC,03,ancillary_test_site,False
COOPER UNIV HEALTHCARE,,8563422549,400 NJ - 38,MOORESTOWN,NJ,08057,31D2286056,2025-03-05,Compliance,0,1600,,unspecified,PSC,03,ancillary_test_site,False
DE BACA FAMILY PRACTICE CLINIC,,5753552450,546 N 10TH ST,FORT SUMNER,NM,88119,32D0537331,2025-02-19,Compliance,0,1423,,unspecified,PSC,09,fqhc,False
UNM DERMATOLOGY,,5052726095,1021 MEDICAL ARTS AVE NE,ALBUQUERQUE,NM,87102,32D1056730,2025-07-17,Compliance,0,2340,,unspecified,PSC,06,community_clinic,False
OPEN DOOR FAMILY MEDICAL CENTER - CHURCH ST,,9145021350,2 CHURCH ST,OSSINING,NY,10562,33D2318259,2025-02-07,Accreditation,0,0,05,unspecified,PSC,09,fqhc,True
STONY BROOK MEDICINE EAST HAMPTON OFF-CAMPUS,,6317268250,400 PANTIGO PLACE,EAST HAMPTON,NY,11937,33D2319593,2025-03-04,Compliance,0,3,05,unspecified,PSC,03,ancillary_test_site,False
NEW YORK - PRESBYTERIAN ONE LABORATORY,,9142295012,1111 WESTCHESTER AVENUE,WHITE PLAINS,NY,10604,33D2323294,2025-05-05,Compliance,0,3,05,unspecified,PSC,03,ancillary_test_site,False
COMMUNITY MEDICAL & DENTAL CARE INC,,8455337300,100 ROUTE 59,SUFFERN,NY,10901,33D2325614,2025-06-17,Compliance,0,1,05|05,unspecified,PSC,09,fqhc,True
LONG ISLAND JEWISH FOREST HILLS PATHOLOGY SERVICES,,7188304048,99-31 66TH AVENUE,REGO PARK,NY,11374,33D2326555,2025-07-07,Compliance,0,1,05,unspecified,PSC,03,ancillary_test_site,False
AHAVA MEDICAL AND REHABILITATION CENTER LLC,,7186064020,2577 NOSTRAND AVE,BROOKLYN,NY,11210,33D2328066,2025-08-05,Compliance,0,1,05,unspecified,PSC,03,ancillary_test_site,True
UR MEDICINE GYNECOLOGY AND CHILDBIRTH ASSOC,,5852443430,777 CANAL VIEW,ROCHESTER,NY,14623,33D2328166,2025-08-05,Accreditation,5,0,05,unspecified,PSC,03,ancillary_test_site,False
UR MEDICINE GENDER WELLNESS - OBSTETRICS AND,,5852752691,125 LATTIMORE RD - SUITE 150,ROCHESTER,NY,14620,33D2328246,2025-08-06,Accreditation,5,0,05,unspecified,PSC,03,ancillary_test_site,True
MOUNT SINAI WANTAGH LABORATORY,,5165465000,2020 WANTAGH AVE - 4TH FL,WANTAGH,NY,11793,33D2329274,2025-08-26,Compliance,0,2,05|05,unspecified,PSC,03,ancillary_test_site,False
UR MEDICINE PRIMARY CARE - MARION,,3159267733,3669 COUNTRYSIDE LANE,MARION,NY,14505,33D2332332,2025-10-17,Accreditation,0,0,05,unspecified,PSC,03,ancillary_test_site,False
NYU LANGONE HOSPITALS PERLMUTTER CANCER CENTER,,5073040437,"100 HOSPITAL RD, 2ND FL, STE 213",EAST PATCHOGUE,NY,11772,33D2334658,2025-11-25,Compliance,0,2,05,unspecified,PSC,03,ancillary_test_site,False
NYU LANGONE HOSPITALS PERLMUTTER CANCER CENTER,,2122635471,"2801RICMOND AVE, 1ST FLOOR",STATEN ISLAND,NY,10314,33D2336535,2026-01-06,Compliance,0,2,05,unspecified,PSC,03,ancillary_test_site,False
CENTRALUS ANATOMIC PATHOLOGY LABORATORY,,6072744474,53 BROWN RD,ITHACA,NY,14850,33D2336664,2026-01-08,Compliance,0,2,05,unspecified,PSC,03,ancillary_test_site,False
NYU LANGONE HOSPITALS - SUFFOLK AMBULATORY SURGERY,,6316547280,196 E MAIN STR,PATCHOGUE,NY,11772,33D2340979,2026-03-26,Compliance,0,1,05,unspecified,PSC,03,ancillary_test_site,False
ATRIUM HEALTH WFB SPECIAL HEMATOLOGY LABORATORY,,3367161437,ROOM 3123 GRAY BUILDING,WINSTON-SALEM,NC,27157,34D0237614,2025-04-16,Compliance,0,2500,,unspecified,PSC,03,ancillary_test_site,False
CASWELL FAMILY MEDICAL CENTER,,3366949331,439 US HIGHWAY 158 WEST,YANCEYVILLE,NC,27379,34D0238795,2025-04-30,Compliance,2,345,,unspecified,PSC,09,fqhc,False
"HOPE CENTRE FOR ADVANCEMENT, LLC",,9193830426,701 MORREENE ROAD,DURHAM,NC,27705,34D2044741,2025-09-15,Compliance,0,2000,,unspecified,PSC,06,community_clinic,False
UNC REACH ENHANCED PRIMARY CARE,,9849744832,"401 E WHITAKER MILL RD, SUITE 2100",RALEIGH,NC,27608,34D2086253,2025-06-11,Compliance,2,2250,,unspecified,PSC,06,community_clinic,False
CRABTREE HEALTH PLLC,,9108089398,"2000 BEAR CAT WAY, STE 103",MORRISVILLE,NC,27560,34D2316270,2025-01-02,Accreditation,0,0,,unspecified,PSC,06,community_clinic,False
MAHEC INTERNAL MEDICINE,,8287713500,123-A HENDERSONVILLE ROAD,ASHEVILLE,NC,28803,34D2316735,2025-01-10,Accreditation,0,0,,unspecified,PSC,09,fqhc,False
CAROLINA EAST COMMUNITY CLINIC,,2526364552,729 THIRD AVE,NEW BERN,NC,28561,34D2329437,2025-08-28,Accreditation,0,0,,unspecified,PSC,06,community_clinic,False
STARLIGHT OBGYN,,9198333111,"500 HOLLY SPRINGS ROAD, STE 101",HOLLY SPRINGS,NC,27540,34D2336963,2026-01-14,Accreditation,0,0,,unspecified,PSC,09,fqhc,False
NORTHWOOD DEACONESS HEALTH CENTER - LARIMORE,,7014312999,611 TOWNER AVE,LARIMORE,ND,58251,35D0408589,2025-08-07,Compliance,0,374,,unspecified,PSC,06,community_clinic,False
UND CENTER FOR FAMILY MEDICINE - BISMARCK,,7017519500,701 E ROSSER AVE,BISMARCK,ND,58501,35D0408878,2025-02-27,Compliance,0,33050,,unspecified,PSC,06,community_clinic,False
WEST RIVER HEALTH SERVICES NEW ENGLAND CLINIC,,7015794507,820 2ND AVE W,NEW ENGLAND,ND,58647,35D0409114,2025-04-29,Compliance,0,2200,,unspecified,PSC,25,rural_health_clinic,False
TRENTON COMMUNITY CLINIC,,7017740461,331 4TH AVE E,TRENTON,ND,58853,35D0409330,2025-03-26,Compliance,0,32150,,unspecified,PSC,06,community_clinic,False
WEST RIVER HEALTH SERVICES BOWMAN CLINIC,,7015233271,608 HWY 12 W,BOWMAN,ND,58623,35D0655703,2025-04-28,Compliance,0,3842,,unspecified,PSC,25,rural_health_clinic,False
WEST RIVER HEALTH SERVICES MOTT CLINIC,,7018242391,"401 MILLIONAIRE AVE, SUITE B",MOTT,ND,58646,35D0655707,2025-04-29,Compliance,0,3421,,unspecified,PSC,25,rural_health_clinic,False
COAL COUNTRY COMMUNITY HEALTH CENTER,,7018734445,1312 HWY 49 N,BEULAH,ND,58523,35D0926532,2025-02-10,Compliance,0,108455,,unspecified,PSC,09,fqhc,False
COAL COUNTRY COMMUNITY HEALTH CENTER,,7017645822,220 4TH AVE SW  SUITE C,KILLDEER,ND,58640,35D2100388,2025-03-25,Compliance,0,1515,,unspecified,PSC,09,fqhc,False
ALTRU CLINIC,,7017805133,1300 S COLUMBIA RD,GRAND FORKS,ND,58201,35D2317372,2025-01-23,Accreditation,0,0,,unspecified,PSC,03,ancillary_test_site,False
"GREGORY HUDSON, MD, INC DBA CHRIST CARE PEDIATRICS",,6069322079,137 STATE ROUTE 3117,SOUTH SHORE,KY,41175,36D0683301,2025-07-22,Compliance,0,1675,,unspecified,PSC,25,rural_health_clinic,False
METROHEALTH ANDROLOGY LAB,,2163622314,"12301 SNOW ROAD, 4TH FLOOR",PARMA,OH,44130,36D2132071,2025-06-11,Compliance,0,130,,unspecified,PSC,03,ancillary_test_site,False
CENTRAL OUTREACH WELLNESS CENTER,,4125150000,96 N 4TH STREET,COLUMBUS,OH,43215,36D2321595,2025-04-07,Accreditation,2,0,,unspecified,PSC,06,community_clinic,False
MARY MAHONEY MEMORIAL HEALTH CENTER,,4057693301,12716 NE 36TH STREET,SPENCER,OK,73084,37D0050504,2025-05-08,Compliance,0,5763,,unspecified,PSC,06,community_clinic,False
SAPULPA INDIAN HEALTH CENTER,,9182249310,1125 E CLEVELAND,SAPULPA,OK,74066,37D0669872,2026-03-13,Compliance,0,6228,,unspecified,PSC,06,community_clinic,False
INFUSION CLINIC LABORATORY,,9187724582,228 N BLISS AVE,TAHLEQUAH,OK,74464,37D0721023,2026-03-04,Compliance,0,23200,,unspecified,PSC,03,ancillary_test_site,False
BLACK HAWK HEALTH CENTER,,9189689531,356110 E 930 ROAD,STROUD,OK,74079,37D0857440,2026-01-07,Compliance,0,8870,,unspecified,PSC,03,ancillary_test_site,False
ABSENTEE SHAWNEE TRIBAL HEALTH SYSTEM -,,4054470300,15951 LITTLE AXE DRIVE,NORMAN,OK,73026,37D0906177,2025-04-02,Compliance,0,2952,,unspecified,PSC,06,community_clinic,False
"DENG FAMILY MEDICINE CENTER, PC",,4057373278,8900 SE 15TH ST,MIDWEST CITY,OK,73110,37D1103235,2025-11-13,Compliance,0,28950,,unspecified,PSC,03,ancillary_test_site,False
OU HEALTH STEPHENSON CANCER CENTER NORMAN,,4052714100,3240 HEALTHPLEX DR,NORMAN,OK,73072,37D2323395,2025-11-04,Compliance,0,310,,unspecified,PSC,03,ancillary_test_site,False
MORTON COMPREHENSIVE HEALTH APACHE,,9185872171,240 E APACHE,TULSA,OK,74106,37D2324111,2025-05-19,Accreditation,0,0,,unspecified,PSC,09,fqhc,False
GRAND RONDE HEALTH & WELLNESS CENTER LAB,,5038792296,9605 GRAND RONDE RD,GRAND RONDE,OR,97347,38D0862855,2025-10-14,Compliance,0,69725,,unspecified,PSC,09,fqhc,False
OCULAR IMMUNOLOGY LABORATORY OHSU,,5034182543,3181 SW SAM JACKSON PK RD,PORTLAND,OR,97239,38D1045259,2025-10-02,Compliance,0,2000,,unspecified,PSC,03,ancillary_test_site,False
PROVIDENCE MEDICAL GROUP BRIDGEPORT-DERMATOLOGY,,5032160500,18040 SW LOWER BOONES FERRY RD #201,TIGARD,OR,97224,38D1087233,2025-03-19,Compliance,0,4100,,unspecified,PSC,06,community_clinic,False
ELEVATION FAMILY HEALTH,,5412192250,"61583 SE 27TH STREET, SUITE #160",BEND,OR,97702,38D2337685,2026-01-27,Accreditation,0,0,,unspecified,PSC,06,community_clinic,False
EAST LIBERTY FAMILY HEALTH CARE CENTER,,4126612802,7157 MARY PECK BOND PLACE,PITTSBURGH,PA,15206,39D0177137,2025-09-11,Compliance,3,4986,,unspecified,PSC,06,community_clinic,True
WASHINGTON HEALTH SYSTEM LAB - ML,,7242233136,80 LANDINGS DRIVE 2ND FLOOR,WASHINGTON,PA,15301,39D2138528,2026-01-15,Compliance,0,40,,unspecified,PSC,03,ancillary_test_site,False
MT NITTANY HLTH OP ENDOSCOPY,,8142313740,164 GREENVIEW DRIVE,STATE COLLEGE,PA,16803,39D2306204,2025-12-10,Compliance,0,125,,unspecified,PSC,03,ancillary_test_site,False
FAMILY FIRST HEALTH HANOVER,,7176329052,1230 HIGH ST,HANOVER,PA,17331,39D2318743,2025-02-18,Accreditation,0,0,,unspecified,PSC,09,fqhc,False
AFRICAN FAMILY HLTH ORGANIZATION,,2155461232,875 MAIN ST,DARBY,PA,19023,39D2323537,2025-05-08,Accreditation,2,0,,unspecified,PSC,06,community_clinic,False
KEYSTONE FAMILY MEDICINE-CS,,7172637866,"133 W CATHERINE ST, STE 300",CHAMBERSBURG,PA,17201,39D2323804,2025-05-14,Accreditation,0,0,,unspecified,PSC,09,fqhc,False
LAB CLINICO LOIZA VALLEY INC,,7878760430,Z 977 CALLE BAUHINIA LOIZA VALLEY,CANOVANAS,PR,00729,40D0658051,2025-05-16,Compliance,0,125347,,unspecified,PSC,06,community_clinic,False
LABORATORIO CLINICO AMUNDARAY,,7878429760,8155 CONCORDIA SUITE 101,PONCE,PR,00717,40D0658179,2025-07-31,Compliance,0,7710,,unspecified,PSC,06,community_clinic,False
LABORATORIO CLINICO FLORES,,7877511521,CALLE MARGINAL 12 AVE 65 INFANTERIA,SAN JUAN,PR,00923,40D0658306,2026-01-23,Compliance,0,15775,,unspecified,PSC,06,community_clinic,False
"CDT-CMT GROUP, CORP",,7877546868,CLEMSON 300 UNIVERSITY GARDENS,SAN JUAN,PR,00927,40D0668011,2025-03-26,Compliance,2,21136,,unspecified,PSC,03,ancillary_test_site,False
LABORATORIO CLINICO SAN MARTIN,,7878972479,CALLE  DR PEDRO ALBIZU CAMPOS  COMERCIO NUM 71,LARES,PR,00669,40D0669382,2025-07-09,Compliance,0,38764,,unspecified,PSC,06,community_clinic,False
"CENTRO DE SERVICIOS PRIMARIOS DE SALUD, INC",,7878222170,CALLE ANTONIO ALCAZAR #3,FLORIDA,PR,00650,40D0680461,2025-11-13,Compliance,0,6324,,unspecified,PSC,03,ancillary_test_site,False
CAMUY HEALTH SERVICES INC,,7878982660,CALLE MUNOZ RIVERA #63,CAMUY,PR,00627,40D0680512,2026-02-27,Compliance,0,16624,,unspecified,PSC,03,ancillary_test_site,False
LABORATORIO CLINICO RAMIREZ,,7878993670,20 SUR CALLE 65 INFANTERIA SUITE 2,LAJAS,PR,00667,40D0695251,2026-01-28,Compliance,0,25553,,unspecified,PSC,06,community_clinic,False
LABORATORIO CLINICO LOPEZ,,7878986032,MUNOZ RIVERA #111,CAMUY,PR,00627,40D0704267,2026-03-12,Compliance,0,26427,,unspecified,PSC,06,community_clinic,False
"PRYMED MEDICAL CARE, INC",,7878710601,CARR 149 KM 13,CIALES,PR,00638,40D0707243,2025-05-09,Compliance,0,88299,,unspecified,PSC,03,ancillary_test_site,False
CENTRO DE SALUD INTEGRAL EN COROZAL II,,7878592560,CARR 891 KM 15-1 BO PUEBLO,COROZAL,PR,00783,40D0715014,2026-01-23,Compliance,0,3405,,unspecified,PSC,06,community_clinic,False
CDT POLICLINICA FAMILIAR FACTOR,,7878812953,CARR NUM 2 KM 65 HM 6 BO FACTOR I,ARECIBO,PR,00612,40D0873472,2025-02-12,Compliance,0,18500,,unspecified,PSC,06,community_clinic,False
LABORATORIO CLINICO MIGRANT HEALTH CENTER,,7878060730,"SOLAR REMANENTE 497, CALLE RAMON E BETANCES",MAYAGUEZ,PR,00681,40D0878164,2025-01-14,Compliance,0,15420,,unspecified,PSC,06,community_clinic,False
CDT DEL MUNICIPIO DE CANOVANAS,,7879088118,CALLE CORCHADO FINAL,CANOVANAS,PR,00729,40D0883089,2025-03-06,Compliance,0,121790,,unspecified,PSC,06,community_clinic,False
CABO ROJO MEDICAL CENTER,,7878512025,CALLE LUIS MUNOZ RIVERA #108,CABO ROJO,PR,00623,40D0887226,2025-06-27,Compliance,0,135300,,unspecified,PSC,06,community_clinic,False
CDT TOA ALTA,,7878703322,CALLE BARCELO NUMERO 16,TOA ALTA,PR,00954,40D0894925,2025-11-17,Compliance,0,44425,,unspecified,PSC,03,ancillary_test_site,False
BEST MEDICAL OPTIONS,,7874983352,"CARR PR #2, K 31 HM 9",VEGA ALTA,PR,00692,40D0895075,2025-02-25,Compliance,0,10040,,unspecified,PSC,06,community_clinic,False
LAB CLINICO CSF DR JULIO PALMIERI,,7878394150,CALLE MORSE ESQUINA VALENTINA,ARROYO,PR,00714,40D0906831,2025-02-11,Compliance,0,62400,,unspecified,PSC,06,community_clinic,False
METRO PAVIA CLINIC BAYAMON,,7877798182,SANTA CRUZ ST #77,BAYAMON,PR,00959,40D0985371,2025-08-05,Compliance,0,664035,,unspecified,PSC,06,community_clinic,False
CENTRO DE SALUD INTEGRAL EN OROCOVIS,,7878676010,"CARR PR-155, SECTOR EL DESVIO",OROCOVIS,PR,00720,40D0987006,2025-07-09,Compliance,0,55493,,unspecified,PSC,06,community_clinic,False
CENTRO DE SALUD INTEGRAL EN COMERIO,,7878753375,"CALLE GERARDO NIEVES, NUM 18",COMERIO,PR,00782,40D0987029,2025-12-23,Compliance,0,54617,,unspecified,PSC,06,community_clinic,False
CDT GUAYNABO MEDICAL MALL,,7877314092,"AVE LAS CUMBRES 140, CARRETERA 199",GUAYNABO,PR,00969,40D1002371,2025-10-09,Compliance,0,53000,,unspecified,PSC,06,community_clinic,False
CDT- SALA DE EMERGENCIA SANOS,,7877450340,CALLE TROCHE #2 BARRIO PUEBLO,CAGUAS,PR,00725,40D1003227,2025-05-13,Compliance,0,22000,,unspecified,PSC,06,community_clinic,False
CDT HOSPITAL DE LA CONCEPCION,,7878921860,CARR PR-102 KM 39 HM 1,SABANA GRANDE,PR,00637,40D1036403,2025-10-16,Compliance,0,91350,,unspecified,PSC,03,ancillary_test_site,False
LABORATORIO CLINICO LAGOS DEL PLATA,,7872613100,CALLE DR ALVAREZ CHANCA NUM 10 ESQ AVE SABANA SECA,TOA BAJA,PR,00949,40D1060552,2025-12-11,Compliance,0,22811,,unspecified,PSC,06,community_clinic,False
METRO PAVIA CLINIC PONCE,,7876512855,CALLE MARINA NUM 38,PONCE,PR,00717,40D2001687,2026-03-09,Compliance,0,173860,,unspecified,PSC,06,community_clinic,False
CENTRO DE SALUD INTEGRAL EN BARRANQUITAS,,7878572688,"CALLE BARCELO 53, CARR-PR-156",BARRANQUITAS,PR,00794,40D2004705,2026-01-28,Compliance,0,72689,,unspecified,PSC,06,community_clinic,False
LABORATORIO CLINICO EL CRUCE,,7872807777,"CARR 119 KM 38 HM 2, RAMAL 435, KM 0  BO CALABAZAS",SAN SEBASTIAN,PR,00685,40D2021124,2025-05-28,Compliance,0,4000,,unspecified,PSC,06,community_clinic,False
MIGRANT HEALTH CENTER LABORATORY,,7878308200,"ROAD PR 457, KM2, HM2 BARRIO PLANA",ISABELA,PR,00662,40D2021989,2025-04-28,Compliance,0,6822,,unspecified,PSC,06,community_clinic,False
AGUADA MEDICAL CENTER,,7878680345,ROAD 115 KM 24 HM 5 BARRIO ASOMANTE,AGUADA,PR,00602,40D2026062,2025-06-20,Compliance,0,36677,,unspecified,PSC,06,community_clinic,False
CDT EULALIA KUILAN REVERON,,7877880404,"CARRETERA  PR 5 KM 2, HM 8",CATANO,PR,00962,40D2048019,2025-07-31,Compliance,0,12800,,unspecified,PSC,06,community_clinic,False
METRO PAVIA CLINIC CAROLINA,,7879934990,"ROAD PR-3 KM 13 HM 4 INT, CARR 857",CAROLINA,PR,00987,40D2053194,2025-04-30,Compliance,0,190695,,unspecified,PSC,06,community_clinic,False
"CDT RAMEY MEDICAL GROUP, CSP",,7876158027,"CARRETERA NUM 2, KM 119 INTERIOR",AGUADILLA,PR,00603,40D2057807,2025-05-16,Compliance,0,37500,,unspecified,PSC,06,community_clinic,False
CDT-CENTRO DE DIAGNOSTICO Y TRATAMIENTO,,7872822320,"CALLE FLOR GERENA FINAL, ESQ SERGIO PENA",HUMACAO,PR,00792,40D2084733,2025-06-13,Compliance,0,13620,,unspecified,PSC,06,community_clinic,False
LAB CL CENTRO DE DIAGNOSTICO Y TRATAMIENTO,,7878633000,CALLE MANUEL PIMENTEL Y CASTRO NUM 200,RIO GRANDE,PR,00745,40D2092321,2025-01-10,Compliance,0,74289,,unspecified,PSC,03,ancillary_test_site,False
METRO PAVIA CLINIC GUAYAMA,,7875927180,300 ARNALDO BRISTOL,GUAYAMA,PR,00784,40D2100199,2025-08-05,Compliance,0,188615,,unspecified,PSC,06,community_clinic,False
"LABORATORIO MIGRANT HEALTH CENTER , INC-YAUCO",,7876855589,"CARR 128, KM 4, BO ALMACIGO BAJO",YAUCO,PR,00698,40D2119037,2025-03-25,Compliance,0,12943,,unspecified,PSC,09,fqhc,False
METRO PAVIA CLINIC TOA BAJA,,7877841782,"AVE SABANA SECA, INT 867, BO SABANA SECA",TOA BAJA,PR,00951,40D2127394,2025-03-21,Compliance,0,16104,,unspecified,PSC,06,community_clinic,False
METRO PAVIA CLINIC BELLA VISTA,,7876650200,"URB BELLA VISTA,  MARGINAL 167 AD-10",BAYAMON,PR,00956,40D2160526,2025-04-04,Compliance,0,9927,,unspecified,PSC,06,community_clinic,False
LABORATORIO CLINICO MHC LAS MARIAS,,7878273798,CALLE LUIS MONTALVO # 119,LAS MARIAS,PR,00670,40D2192674,2025-04-03,Compliance,0,8609,,unspecified,PSC,06,community_clinic,False
LABORATORIO CLINICO HPM VIEQUES,,7874682000,CALLE BENITEZ GUZMAN # 47,VIEQUES,PR,00765,40D2241653,2026-02-19,Compliance,0,7680,,unspecified,PSC,06,community_clinic,False
CDT HOSPITAL DE LA CONCEPCION,,7878921680,"CALLE MUNOZ MARIN, NUM 2",HORMIGUEROS,PR,00660,40D2268599,2025-04-25,Compliance,0,7675,,unspecified,PSC,06,community_clinic,False
LABORATORIO CLINICO MHC EL LITORAL,,7876650202,"183 AVE WILLIAM DUSCOMBE, BO  SABALOS",MAYAGUEZ,PR,00680,40D2274162,2025-01-14,Compliance,0,4036,,unspecified,PSC,06,community_clinic,False
EAST BAY HEALTH CENTER - SWEETLAND,,4014319870,610 WATERMAN AVE,EAST PROVIDENCE,RI,02914,41D2321192,2025-04-01,Accreditation,0,0,,unspecified,PSC,09,fqhc,False
PROVIDENCE COMMUNITY HEALTH CENTERS,,4014440400,31 ATWOOD ST,PROVIDENCE,RI,02909,41D2329508,2025-08-29,Accreditation,0,0,,unspecified,PSC,09,fqhc,False
PROVIDENCE COMMUNITY HEALTH CENTERS,,4014440400,355 PRAIRIE AVE,PROVIDENCE,RI,02905,41D2329510,2025-08-29,Accreditation,0,0,,unspecified,PSC,09,fqhc,False
ASSOCIATES IN GASTROENTEROLOGY,,8037881100,1070 WILDEWOOD CENTRE DRIVE,COLUMBIA,SC,29229,42D1000041,2025-10-13,Compliance,0,6000,,unspecified,PSC,03,ancillary_test_site,False
WILLISTON FAMILY MEDICINE,,8032595762,13649 CHURCH STREET,WILLISTON,SC,29853,42D2109757,2025-01-07,Compliance,0,215,,unspecified,PSC,09,fqhc,False
"PH FAMILY MEDICINE, BISHOPVILLE",,8034849424,116 HOSPITAL SQUARE,BISHOPVILLE,SC,29010,42D2150849,2025-03-26,Compliance,0,500,,unspecified,PSC,25,rural_health_clinic,False
AIKEN FAMILY MEDICINE,,8036322533,209 ABBEVILLE AVENUE NW,AIKEN,SC,29801,42D2167104,2025-08-13,Compliance,0,150,,unspecified,PSC,09,fqhc,False
MUSC PULMONARY FUNCTION LABORATORY,,8468766747,"1600 MIDTOWN AVE, ROOM 2B06",MT PLEASANT,SC,29464,42D2280309,2025-11-06,Compliance,0,100,,unspecified,PSC,03,ancillary_test_site,False
NEW HORIZON FAMILY HEALTH SERVICES-BEREA,,8647298280,8000 WHITE HORSE RD,GREENVILLE,SC,29617,42D2322165,2025-04-16,Accreditation,0,0,,unspecified,PSC,09,fqhc,False
FLANDREAU SANTEE SIOUX TRIBAL CLINIC,,6059972642,403 WEST BROAD AVENUE,FLANDREAU,SD,57028,43D0041454,2025-10-28,Compliance,0,28445,,unspecified,PSC,09,fqhc,False
HORIZON HEALTH ALCESTER MEDICAL,,6059342121,104 WEST SECOND STREET,ALCESTER,SD,57001,43D0406744,2025-03-18,Compliance,0,1070,,unspecified,PSC,09,fqhc,False
HORIZON HEALTH ELK POINT,,6053563317,204 EAST MAIN STREET,ELK POINT,SD,57025,43D0406826,2025-03-18,Compliance,0,4714,,unspecified,PSC,09,fqhc,False
HORIZON HEALTH PLANKINTON MEDICAL,,6059427711,106 SOUTH MAIN ST,PLANKINTON,SD,57368,43D0407545,2025-08-13,Compliance,0,2074,,unspecified,PSC,09,fqhc,False
HORIZON HEALTH WESSINGTON SPRINGS,,6055391778,602 FIRST STREET NE - SUITE 1,WESSINGTON SPRINGS,SD,57382,43D0407570,2025-02-19,Compliance,0,2260,,unspecified,PSC,09,fqhc,False
HORIZON HEALTH WOONSOCKET,,6057964433,302 SOUTH DUMONT AVE,WOONSOCKET,SD,57385,43D0407574,2025-02-19,Compliance,0,2110,,unspecified,PSC,09,fqhc,False
ACCESS HEALTH ONIDA,,6052582635,303 SOUTH MAIN,ONIDA,SD,57564,43D0407789,2025-08-19,Compliance,0,2031,,unspecified,PSC,09,fqhc,False
ACCESS HEALTH PRESHO,,6058952589,116 N MAIN,PRESHO,SD,57568,43D0407794,2025-08-13,Compliance,0,2227,,unspecified,PSC,09,fqhc,False
WEST RIVER HEALTH CLINICS LEMMON,,6053743773,411 MAIN AVENUE,LEMMON,SD,57638,43D0407838,2025-07-08,Compliance,0,6277,,unspecified,PSC,25,rural_health_clinic,False
HORIZON HEALTH BISON,,6052445206,105 WEST MAIN,BISON,SD,57620,43D0409104,2025-07-23,Compliance,0,442,,unspecified,PSC,09,fqhc,False
HORIZON HOWARD,,6057724525,208 SOUTH MAIN,HOWARD,SD,57349,43D0658915,2025-05-08,Compliance,0,1380,,unspecified,PSC,09,fqhc,False
HORIZON HEALTH FAITH,,6059672644,112 NORTH 2ND AVENUE WEST,FAITH,SD,57626,43D0658954,2025-07-24,Compliance,0,1542,,unspecified,PSC,09,fqhc,False
HORIZON HEALTH ISABEL,,6054662120,118 NORTH MAIN,ISABEL,SD,57633,43D0658956,2025-07-23,Compliance,0,1758,,unspecified,PSC,09,fqhc,False
HORIZON HEALTH MISSION,,6058562295,161 S MAIN,MISSION,SD,57555,43D0681956,2025-08-20,Compliance,0,4034,,unspecified,PSC,09,fqhc,False
HORIZON HEALTH DE SMET,,6058543455,401 PRAIRIE AVENUE SW,DE SMET,SD,57231,43D0694201,2025-05-08,Compliance,0,1640,,unspecified,PSC,09,fqhc,False
HORIZON HEALTH EAGLE BUTTE,,6059648000,24337 US HIGHWAY 212,EAGLE BUTTE,SD,57625,43D0865445,2025-07-24,Compliance,0,2540,,unspecified,PSC,09,fqhc,False
BROWN CLINIC - NORTHRIDGE,,6058827757,511 14TH AVENUE NE,WATERTOWN,SD,57201,43D0974321,2025-12-17,Compliance,0,379284,,unspecified,PSC,03,ancillary_test_site,False
HORIZON HEALTH HURON,,6055541015,1000 18TH ST SW SUITE 27,HURON,SD,57350,43D2031570,2025-07-09,Compliance,0,45660,,unspecified,PSC,09,fqhc,False
HORIZON HEALTH YANKTON MEDICAL & DENTAL,,6052600310,920 BROADWAY AVE,YANKTON,SD,57078,43D2070510,2025-08-21,Compliance,0,2854,,unspecified,PSC,09,fqhc,False
HORIZON HEALTH ABERDEEN,,6057253900,506 S WILSON,ABERDEEN,SD,57401,43D2071965,2026-01-27,Compliance,0,1540,,unspecified,PSC,09,fqhc,False
HORIZON HEALTH FORT THOMPSON,,6052462700,125 SD HWY 249,FORT THOMPSON,SD,57339,43D2101318,2025-08-13,Compliance,0,400,,unspecified,PSC,09,fqhc,False
PERRY COUNTY MEDICAL CENTER,,9315892104,115 E BROOKLYN ST,LINDEN,TN,37096,44D0307350,2025-01-06,Compliance,0,41888,,unspecified,PSC,09,fqhc,False
BENTON FAMILY HEALTH CARE CENTER,,4233382831,"6784 HWY 411, POB 308",BENTON,TN,37307,44D0309266,2025-08-14,Compliance,0,6918,,unspecified,PSC,09,fqhc,False
BROWNSVILLE FAMILY MEDICINE,,7317725183,2290 N WASHINGTON AVE,BROWNSVILLE,TN,38012,44D0313244,2025-12-17,Compliance,0,31700,,unspecified,PSC,25,rural_health_clinic,False
CITIZENS OF LAKE CO FOR HEALTHCARE INC,,7312536690,710 CARL PERKINS PKWY,TIPTONVILLE,TN,38079,44D0722147,2025-05-12,Compliance,0,3312,,unspecified,PSC,09,fqhc,False
KINGSPORT MEDICAL CENTER,,4232467922,737 E SEVIER AVE,KINGSPORT,TN,37660,44D0876195,2026-03-11,Compliance,0,1236,,unspecified,PSC,09,fqhc,False
RURAL HEALTH SERVICES CONSORTIUM OF UPPER EAST TN,,4239211625,4307 HWY 66 SOUTH,ROGERSVILLE,TN,37857,44D0892481,2026-03-18,Compliance,0,17724,,unspecified,PSC,09,fqhc,False
RHEA COUNTY PRIMARY CARE CENTER,,4237751160,8850 RHEA COUNTY HWY,DAYTON,TN,37321,44D0904142,2025-08-18,Compliance,0,3444,,unspecified,PSC,09,fqhc,False
BLEDSOE COUNTY PRIMARY CARE CENTER,,4234476287,3625 MAIN STREET,PIKEVILLE,TN,37367,44D0904146,2026-02-18,Compliance,0,4104,,unspecified,PSC,09,fqhc,False
GRUNDY COUNTY PRIMARY CARE CENTER,,9317794002,10120 SR 56,COALMONT,TN,37313,44D0904148,2025-07-31,Compliance,0,6002,,unspecified,PSC,09,fqhc,False
MEIGS COUNTY PRIMARY CARE CENTER,,4233344145,305 RIVER ROAD,DECATUR,TN,37322,44D0904149,2025-08-20,Compliance,0,3408,,unspecified,PSC,09,fqhc,False
"PEDIATRIC ASSOCIATES OF WEST TENNESSEE, PLLC",,7312854111,1501 BRAYTON AVE,DYERSBURG,TN,38024,44D0922350,2025-11-26,Compliance,0,3174,,unspecified,PSC,25,rural_health_clinic,False
CHEROKEE HEALTH SYSTEMS,,4235877337,6350 WEST ANDREW JOHNSON HIGHWAY,TALBOTT,TN,37877,44D0978864,2025-02-06,Accreditation,0,0,,unspecified,PSC,09,fqhc,False
"CITIZENS OF LAKE COUNTY FOR HEALTHCARE, INC",,7312211804,317 CLEVELAND ST,RIPLEY,TN,38063,44D2054928,2025-10-15,Compliance,0,234,,unspecified,PSC,09,fqhc,False
KIDZCARE PEDIATRICS,,4235458383,4233 US 411 STE B,MADISONVILLE,TN,37354,44D2122410,2025-03-13,Compliance,0,3558,,unspecified,PSC,25,rural_health_clinic,False
RHSC MEDICAL CENTER AT JONESBOROUGH,,4237889374,600 BOONES CREEK RD,JONESBOROUGH,TN,37659,44D2147090,2025-01-16,Compliance,0,4800,,unspecified,PSC,09,fqhc,False
"CITIZENS OF LAKE CO FOR HEALTHCARE, INC",,7315360371,321 E HARPER ST,TROY,TN,38260,44D2200945,2025-11-05,Compliance,0,780,,unspecified,PSC,09,fqhc,False
KIDZCARE PEDIATRICS,,8655051990,1115 BLANTON DRIVE,SEVIERVILLE,TN,37862,44D2318060,2025-05-15,Compliance,0,600,,unspecified,PSC,25,rural_health_clinic,False
"RURAL MEDICAL SERVICES, INC WHITE PINE CENTER",,4236133300,1210 STATE STREET,WHITE PINE,TN,37890,44D2332933,2025-10-28,Accreditation,0,0,,unspecified,PSC,09,fqhc,False
"BSA PHYSICIANS GROUP,INC",,8062124835,4510 BELL ST,AMARILLO,TX,79109,45D0055097,2025-03-18,Compliance,0,9713,,unspecified,PSC,06,community_clinic,False
FAMILY HEALTH CENTER OF OZONA,,3253923788,102 NORTH AVE H,OZONA,TX,76943,45D0489140,2025-04-02,Compliance,0,39469,,unspecified,PSC,25,rural_health_clinic,False
MITCHELL COUNTY HOSP BLOOD GAS LAB,,3257283431,997 WEST IH 20,COLORADO CITY,TX,79512,45D0867894,2025-01-16,Compliance,0,300,,unspecified,PSC,03,ancillary_test_site,False
FAMILY CARE CENTER,,9035722957,1610 SOUTH JEFFERSON AVE,MOUNT PLEASANT,TX,75455,45D0910401,2025-09-15,Compliance,3,1000,,unspecified,PSC,06,community_clinic,False
SALAS MINOR EMERGENCY CENTER,,9037399191,1655 NE LOOP 286,PARIS,TX,75460,45D0979623,2025-01-22,Compliance,0,5500,,unspecified,PSC,25,rural_health_clinic,False
"D&F MED, PLLC DBA GROVETON FAMILY MEDICAL CLINIC",,9366420841,180  N MAGEE LANE,GROVETON,TX,75845,45D1006973,2025-06-05,Compliance,0,5450,,unspecified,PSC,25,rural_health_clinic,False
TCH FAMILY MEDICAL CLINIC,,4092832822,104 NORTH BEECH STREET,WOODVILLE,TX,75979,45D1015161,2025-06-16,Compliance,0,2048,,unspecified,PSC,25,rural_health_clinic,False
"DMCTX1, PLLC",,4092002811,703 W BLUFF,WOODVILLE,TX,75979,45D2159499,2025-06-18,Compliance,0,1100,,unspecified,PSC,25,rural_health_clinic,False
"DMCTX2, LLC",,9366395150,410 GASLIGHT BLVD,LUFKIN,TX,75904,45D2166421,2025-04-22,Compliance,0,1250,,unspecified,PSC,25,rural_health_clinic,False
KELSEY-SEYBOLD CLINIC MAIN CAMPUS LAB,,7134420000,2727 WEST HOLCOMBE BLVD,HOUSTON,TX,77025,45D2219591,2025-02-13,Compliance,0,0,,unspecified,PSC,03,ancillary_test_site,False
KELSEY-SEYBOLD CLINIC MEMORIAL VILLAGES ASC,,7134424685,9110 KATY FREEWAY,HOUSTON,TX,77055,45D2268219,2026-02-19,Compliance,0,20,,unspecified,PSC,03,ancillary_test_site,False
CITIZENS IMAGING CENTER,,3615725023,9410 ZAC LENTZ PKWY,VICTORIA,TX,77904,45D2281797,2026-02-17,Compliance,0,488,,unspecified,PSC,03,ancillary_test_site,False
CANCER CENTER AT TITUS,,9034344850,2101 MULBERRY STREET,MOUNT PLEASANT,TX,75455,45D2282517,2025-09-18,Compliance,0,1800,,unspecified,PSC,06,community_clinic,False
KELSEY-SEYBOLD CLINIC SPRINGWOODS VILLAGE,,7134420999,22407 HOLZWARTH,SPRING,TX,77389,45D2291463,2025-08-08,Compliance,0,14630,,unspecified,PSC,03,ancillary_test_site,False
KELSEY-SEYBOLD CLINICS/ ALIANA CLINIC,,3466741700,11225 W GRAND PKWY S,RICHMOND,TX,77407,45D2329826,2025-09-05,Accreditation,0,0,,unspecified,PSC,03,ancillary_test_site,False
NORTH CACHE VALLEY CLINIC - INSTACARE,,4355634888,4088 N HIGHWAY 91,HYDE PARK,UT,84318,46D0938517,2025-07-28,Compliance,0,6949,,unspecified,PSC,06,community_clinic,False
INTERMOUNTAIN RIVER ROAD DRAW SITE,,4352515025,577 SOUTH RIVER ROAD,ST GEORGE,UT,84790,46D0942826,2025-11-21,Compliance,0,150,,unspecified,PSC,03,ancillary_test_site,False
RIVER ROAD CLINIC - INSTACARE,,4352512500,577 S RIVER ROAD,ST GEORGE,UT,84790,46D0956307,2025-11-20,Compliance,0,17500,,unspecified,PSC,06,community_clinic,False
LOGAN CLINIC - INSTACARE,,4357132777,412 N 200 E,LOGAN,UT,84321,46D1014431,2025-06-05,Compliance,0,20899,,unspecified,PSC,06,community_clinic,False
HURRICANE VALLEY CLINIC - INSTACARE,,4352512500,75 NORTH 2260 WEST (DEPT 72004),HURRICANE,UT,84737,46D1016272,2025-11-20,Compliance,0,12196,,unspecified,PSC,06,community_clinic,False
INTERMOUNTAIN CEDAR CITY INSTACARE,,4352512500,962 SAGE DR,CEDAR CITY,UT,84720,46D1053125,2025-02-21,Compliance,0,8342,,unspecified,PSC,06,community_clinic,False
INTERMOUNTAIN HURRICANE DRAW STATION,,4352515021,75 NORTH 2260 WEST,HURRICANE,UT,84737,46D1063193,2025-11-21,Compliance,0,920,,unspecified,PSC,03,ancillary_test_site,False
INTERMOUNTAIN SUNSET DRAW STATION,,4352515021,1739 WEST SUNSET BLVD,ST GEORGE,UT,84770,46D1069945,2025-11-21,Compliance,0,560,,unspecified,PSC,03,ancillary_test_site,False
SUNSET CLINIC,,4356346050,1739 W SUNSET BLVD,ST GEORGE,UT,84770,46D1070869,2025-11-20,Compliance,0,6400,,unspecified,PSC,06,community_clinic,False
INTERMOUNTAIN TAYLORSVILLE DERMATOLOGY,,8018402020,3845 WEST 4700 SOUTH 2ND FLOOR,TAYLORSVILLE,UT,84118,46D1107598,2025-04-10,Compliance,0,132,,unspecified,PSC,06,community_clinic,False
WEST VALLEY CLINIC - DERMATOLOGY,,8013976314,5373 LAKE PARK BLVD,WEST VALLEY CITY,UT,84120,46D2191795,2025-04-29,Compliance,0,93,,unspecified,PSC,06,community_clinic,False
WASATCH BEHAVIORAL HEALTH,,3852685040,255 S OREM BLVD,OREM,UT,84058,46D2195540,2025-02-25,Compliance,6,118797,,unspecified,PSC,06,community_clinic,False
ST GEORGE HEART FAILURE CLINIC,,4352512500,1380 E MEDICAL CENTER DR SUITE 4300,ST GEORGE,UT,84790,46D2297528,2025-01-24,Compliance,0,576,,unspecified,PSC,06,community_clinic,False
MEMORIAL CLINIC - INSTACARE,,8014647500,2000 SOUTH 900 EAST,SALT LAKE CITY,UT,84105,46D2306482,2025-08-21,Compliance,0,14515,,unspecified,PSC,06,community_clinic,False
POPULATION HEALTH CENTER - DERMATOLOGY,,8015870826,"168 N 1950 W, STE 104",SALT LAKE CITY,UT,84116,46D2337312,2026-01-21,Accreditation,0,0,,unspecified,PSC,03,ancillary_test_site,False
PLANNED PARENTHOOD NORTHERN NEW ENGLAND,,8026611171,90 WASHINGTON ST,BARRE,VT,05641,47D2168961,2025-06-10,Compliance,0,23800,,unspecified,PSC,06,community_clinic,False
LITTLE RIVERS HEALTH CARE - WELLS RIVER CLINIC,,8028663000,65 MAIN ST,WELLS RIVER,VT,05081,47D2317579,2025-01-28,Accreditation,0,0,,unspecified,PSC,09,fqhc,False
INOVA LAB AT ISCI,,5714720725,8081 INNOVATION PARK DRIVE,FAIRFAX,VA,22031,49D2133895,2026-01-29,Compliance,0,1146042,,unspecified,PSC,03,ancillary_test_site,False
STUART FAMILY PRACTICE,,2766944466,835 WOODLAND DRIVE,STUART,VA,24171,49D2339013,2026-02-23,Accreditation,0,0,,unspecified,PSC,25,rural_health_clinic,False
NESPELEM TRIBAL HEALTH CLINIC,,5096342903,19 LAKES STREET,NESPELEM,WA,99155,50D0669096,2025-03-26,Compliance,0,18475,,unspecified,PSC,25,rural_health_clinic,False
LOGAN CLINIC,,5095057481,1001 E MONTGOMERY AVE,SPOKANE,WA,99207,50D2326755,2025-07-09,Accreditation,0,0,05,unspecified,PSC,06,community_clinic,False
HARBORVIEW MEDICAL CENTER OFFSITE POCT,,2067441790,908 JEFFERSON ST FL 10,SEATTLE,WA,98104,50D2334753,2025-12-01,Compliance,0,1980,05,unspecified,PSC,06,community_clinic,False
CHAS HEALTH LIDGERWOOD CLINIC,,5094448888,5901 N LIDGERWOOD ST #128,SPOKANE,WA,99208,50D2335937,2025-12-19,Accreditation,0,0,05,unspecified,PSC,09,fqhc,False
VANCOUVER CLINIC - NORTHERN STAR,,3603973980,14201 NE 20TH AVE,VANCOUVER,WA,98686,50D2336491,2026-01-05,Compliance,0,200,05,unspecified,PSC,06,community_clinic,False
SKAGIT REGIONAL HEALTH - SMOKEY POINT DERMATOLOGY,,3608146800,3823 172ND ST NE,ARLINGTON,WA,98223,50D2337015,2026-01-14,Accreditation,0,0,05,unspecified,PSC,06,community_clinic,False
ACCESS HEALTH RURAL ACRES CLINIC,,3042528555,228 MELLON STREET,BECKLEY,WV,25801,51D0235365,2026-01-07,Compliance,0,833204,,unspecified,PSC,09,fqhc,False
TUG RIVER HEALTH ASSOCIATION GARY,,3044482101,5883 BLACK DIAMOND HIGHWAY,GARY,WV,24836,51D0661648,2026-03-26,Compliance,0,1000,,unspecified,PSC,09,fqhc,False
"CHESAPEAKE HEALTHCARE CENTER, LLC",,3042202111,11950 MACCORKLE AVENUE,CHARLESTON,WV,25315,51D2151883,2025-06-25,Compliance,0,3600,,unspecified,PSC,06,community_clinic,False
ONEIDA COMMUNITY HEALTH CENTER,,9208694915,525 AIRPORT DR,ONEIDA,WI,54155,52D0394413,2025-11-19,Compliance,0,196488,,unspecified,PSC,06,community_clinic,False
VERNON HEALTH SOLDIERS GROVE CLINIC,,6086245203,102 SUNSET AVE,SOLDIERS GROVE,WI,54655,52D0396431,2026-01-22,Compliance,0,10892,,unspecified,PSC,25,rural_health_clinic,False
VERNON HEALTH-VIROQUA CLINIC,,6086373174,407 S MAIN ST STE 400,VIROQUA,WI,54665,52D0396494,2025-02-11,Compliance,0,27665,,unspecified,PSC,25,rural_health_clinic,False
VERNON HEALTH-WESTBY CLINIC,,6086343126,100 MELBY ST,WESTBY,WI,54667,52D0396502,2025-09-03,Compliance,0,20750,,unspecified,PSC,25,rural_health_clinic,False
PLANNED PARENTHOOD OF WISCONSIN INC,,4142893333,435 S WATER ST,MILWAUKEE,WI,53204,52D0397477,2025-01-14,Accreditation,18,0,,unspecified,PSC,06,community_clinic,False
VERNON HEALTH HOSPITAL,,6086374208,507 S MAIN ST,VIROQUA,WI,54665,52D0662099,2025-11-13,Compliance,0,407908,,unspecified,PSC,25,rural_health_clinic,False
VERNON HEALTH-LAFARGE CLINIC,,6086252494,206 N MILL STREET,LA FARGE,WI,54639,52D0857120,2025-06-17,Compliance,0,18776,,unspecified,PSC,25,rural_health_clinic,False
AURORA HEALTH CARE METRO INC - KENOSHA SOUTH,,2628575731,6811 118TH AVE,KENOSHA,WI,53142,52D0979989,2025-02-19,Compliance,0,194204,,unspecified,PSC,03,ancillary_test_site,False
OAKLEAF CLINICS MENOMONIE,,7159973910,2919 STOUT ROAD,MENOMONIE,WI,54751,52D2095211,2025-05-14,Compliance,0,2996,,unspecified,PSC,06,community_clinic,False
AHC- MENOMONEE FALLS- DERMATOLOGY,,2622517500,N84  W16889 MENOMONEE AVE,MENOMONEE FALLS,WI,53051,52D2174831,2026-01-13,Compliance,0,650,,unspecified,PSC,06,community_clinic,False
NORTHLAKES COMMUNITY CLINIC,,5342006165,1002 W CLAIREMONT AVENUE,EAU CLAIRE,WI,54701,52D2301735,2026-02-05,Compliance,0,150,,unspecified,PSC,09,fqhc,False
RACINE OUTREACH COMMUNITY HEALTH CENTER,,4147276320,3805B SPRING STREET,RACINE,WI,53405,52D2332263,2025-10-16,Accreditation,0,0,,unspecified,PSC,09,fqhc,False
ISAAC COGGS HERITAGE HEALTH CENTER,,4142676641,8200 W SILVER SPRING DR,MILWAUKEE,WI,53218,52D2333422,2025-11-05,Accreditation,0,0,,unspecified,PSC,09,fqhc,False
COMMUNITY HEALTH CENTER OF CENTRAL WYOMING,,3072336073,5000 BLACKMORE ROAD,CASPER,WY,82609,53D0519936,2025-05-13,Compliance,0,106560,,unspecified,PSC,09,fqhc,False
REGISTER CLIFF RURAL HEALTH CLINIC,,3078363009,650 WEST WHALEN STREET,GUERNSEY,WY,82214,53D1034218,2025-12-18,Compliance,0,5,,unspecified,PSC,25,rural_health_clinic,False
ROCKY MOUNTAIN ONCOLOGY,,3072355433,6501 EAST 2ND STREET,CASPER,WY,82609,53D1049790,2025-09-18,Compliance,0,166000,,unspecified,PSC,06,community_clinic,False
LARAMIE PEAK RURAL HEALTH CLINIC,,3073228114,1356 SHIEK STREET,WHEATLAND,WY,82201,53D2195828,2025-12-18,Compliance,0,20,,unspecified,PSC,25,rural_health_clinic,False
ST JOHN'S HEALTH,,3077397615,555 E BROADWAY SUITE 108,JACKSON,WY,83001,53D2334330,2025-11-19,Accreditation,0,0,,unspecified,PSC,06,community_clinic,False
GUAM SEVENTH DAY ADVENTIST CLINIC LABORATORY,,6716482580,388 YPAO ROAD,TAMUNING,GU,96913,65D0669318,2025-07-18,Compliance,0,29380,,unspecified,PSC,06,community_clinic,False
GUAM MEMORIAL HOSPITAL BLOOD GAS LAB,,6716472189,850 GOV CARLOS G CAMACHO RD,TAMUNING,GU,96913,65D0862073,2025-07-17,Compliance,0,6814,,unspecified,PSC,03,ancillary_test_site,False
NORTHERN REGION COMMUNITY HLTH CTR LAB,,6716354432,520 WEST SANTA MONICA AVENUE,DEDEDO,GU,96929,65D0959480,2025-07-17,Compliance,0,1333,,unspecified,PSC,06,community_clinic,False
LUCIA CHIANG VILLAGOMEZ ARIZAPA HEALTH CENTER,,6704339263,PO BOX 520446,TINIAN,MP,96952,66D0675978,2025-07-24,Compliance,0,1192,,unspecified,PSC,25,rural_health_clinic,False
COMMONWEALTH HEALTH CENTER - RESPIRATORY,,6702348950,1178 HINEMLU' ST GARAPAN,SAIPAN MARIANA ISLANDS,MP,96950,66D0675993,2025-07-23,Compliance,0,2455,,unspecified,PSC,03,ancillary_test_site,False
COMMONWEALTH HEALTHCARE CORP - ROTA HEALTH CENTER,,6705329461,"SONGSONG VILLAGE, ROTA",ROTA,MP,96951,66D2059411,2025-07-25,Compliance,0,100,,unspecified,PSC,06,community_clinic,False
