src,name,city,state,zip,clia,domain,exa_top_url
RU,REGIONAL CANCER CARE ASSOCIATES,MONTCLAIR,NJ,07042,31D0104198,regionalcancercare.org,https://www.regionalcancercare.org/locations/montclair-nj/
RU,SUMMIT MEDICAL GROUP PA,FLORHAM PARK,NJ,07932,31D0721437,summitmedicalgroup.com,https://www.summitmedicalgroup.com/location/150-park-ave-florham-park/
RU,PILGRIM MEDICAL CENTER,MONTCLAIR,NJ,07042,31D0105229,pilgrimmed.com,https://www.pilgrimmed.com/
RU,REGIONAL CANCER CARE ASSOCIATES,FREEHOLD,NJ,07728,31D0677457,regionalcancercare.org,https://www.regionalcancercare.org/locations/freehold/
RU,REGIONAL CANCER CARE ASSOCIATES,WESTWOOD,NJ,07675,31D0110609,regionalcancercare.org,https://www.regionalcancercare.org/locations/westwood/
RU,"DIOSDADO NON MEDICAL SERVICES, LLC",BRICK,NJ,08723,31D0122897,ocmedlab.com,https://ocmedlab.com/
RU,REPRODUCTIVE MEDICINE ASSOCIATES,MORRISTOWN,NJ,07960,31D0919498,rmanetwork.com,https://rmanetwork.com/our-locations/rma-new-jersey/morristown-nj/
RU,REGIONAL CANCER CARE ASSOCIATES,ROSELLE,NJ,07203,31D0680189,regionalcancercare.org,https://www.regionalcancercare.org/locations/roselle-nj/
RU,REGIONAL CANCER CARE ASSOCIATES,HOWELL,NJ,07731,31D0114368,regionalcancercare.org,https://www.regionalcancercare.org/locations/howell/
RU,DERMATOLOGY ASSOCIATES OF MORRIS PA,PARSIPPANY,NJ,07054,31D0698344,dermatologyassociatesofmorris.com,https://dermatologyassociatesofmorris.com/
RU,CARE STATION MEDICAL GROUP,LINDEN,NJ,07036,31D0876565,carestationmedical.com,https://carestationmedical.com/
RU,REGIONAL CANCER CARE ASSOCIATES,BELLEVILLE,NJ,07109,31D0108387,regionalcancercare.org,https://www.regionalcancercare.org/locations/belleville-nj/
RU,ADVANCED UROLOGY ASSOCIATES ENTERPRISES,MANASQUAN,NJ,08736,31D0714191,advuro.com,https://advuro.com/
RU,CLIFFSIDE MEDICAL EMERGIMED LABORATORY,CLIFFSIDE PARK,NJ,07010,31D0677093,emergimed.com,https://emergimed.com/
RU,BARNABAS HEALTH MEDICAL GROUP,OCEAN,NJ,07712,31D0925953,barnabashealthmedicalgroup.org,https://www.barnabashealthmedicalgroup.org/
RU,ARTHRITIS AND RHEUMATOLOGY ASSOCIATES,VINELAND,NJ,08360,31D0912834,drsoloway.com,https://drsoloway.com/
RU,GASTROENTEROLOGY ASSOCIATES,EAST HANOVER,NJ,07936,31D0941780,ganjllc.com,https://www.ganjllc.com/
RU,PRINCETON LONGEVITY MEDICAL GROUP,PRINCETON,NJ,08540,31D1041308,theplc.net,http://theplc.net/
RU,ATLANTIC DERMATOLOGY ASSOCIATES LLC,WOODLAND PARK,NJ,07424,31D1006183,atlanticdermatologyassociates.com,https://www.atlanticdermatologyassociates.com/atlantic-dermatology
RU,"SHAMRA MEDICAL LABORATORY, LLC",MIDDLETOWN,NJ,07748,31D1055495,npino.org,https://www.npino.org/npi/shamra-medical-laboratory-limited-liability-company-1063789170.html
RU,ATLANTICARE REGIONAL MEDICAL CENTER -,HAMMONTON,NJ,08037,31D1100091,atlanticare.org,https://www.atlanticare.org/home
RU,"ATLANTIC ONCOLOGY ASSOCIATES, LLC",GALLOWAY TOWNSHIP,NJ,08205,31D0972314,atlantichemonc.com,https://atlantichemonc.com/
RU,SUMMIT MEDICAL GROUP,CLIFTON,NJ,07013,31D0957525,stage.summitmedicalgroup.com,https://www.yelp.com/biz/summit-medical-group-clifton
RU,GASTROENTEROLOGY ASSOCIATES,DENVILLE,NJ,07834,31D1105568,gastronj.com,https://www.gastronj.com/
RU,ADVANCED DERMATOLOGY ASSOCIATES,SPARTA,NJ,07871,31D1064777,spartaderm.com,https://spartaderm.com/
RU,MARGARET RAVITS & ASSOCIATES,HACKENSACK,NJ,07601,31D1058391,ravitsdermatology.com,https://www.ravitsdermatology.com/
RU,SUN WELLNESS LLC,HAMILTON,NJ,08690,31D2011573,sunwellness.info,https://www.sunwellness.info/
RU,REPRODUCTIVE MEDICINE ASSOCIATES,BASKING RIDGE,NJ,07920,31D2046030,rmanetwork.com,https://rmanetwork.com/our-locations/rma-new-jersey/basking-ridge-nj/
RU,REPRODUCTIVE MEDICINE ASSOCIATES,FREEHOLD,NJ,07728,31D2114553,rmanetwork.com,https://rmanetwork.com/our-locations/rma-new-jersey/freehold-nj/
RU,PRINCETON MEDICAL GROUP PLAINSBORO,PLAINSBORO,NJ,08536,31D2046543,princetonmedicalgroup.com,https://www.princetonmedicalgroup.com/
RU,SLEEP AND WELLNESS MEDICAL ASSOCIATES,LAWRENCEVILLE,NJ,08648,31D2037055,sleep-wellness.org,https://sleep-wellness.org/
RU,SYNERGY MEDICAL LABS,KEYPORT,NJ,07735,31D2053614,synergymedlabs.com,https://synergymedlabs.com/
RU,REGIONAL CANCER CARE ASSOCIATES - SPARTA,SPARTA,NJ,07871,31D1018141,regionalcancercare.org,https://www.regionalcancercare.org/locations/sparta/
RU,REGIONAL CANCER CARE ASSOCIATES,CAPE MAY COURT HOUSE,NJ,08210,31D2059087,regionalcancercare.org,https://www.regionalcancercare.org/locations/cape-may-courthouse/
RU,RIDGEWOOD DIAGNOSTIC LABORATORY,HACKENSACK,NJ,07601,31D2109691,ridgewoodlab.com,https://ridgewoodlab.com/
RU,BIOGENICA LABORATORIES LLC,ELMWOOD PARK,NJ,07407,31D2063148,biogenicalabs.com,https://biogenicalabs.com/
RU,ESSEX GASTROENTEROLOGY ASSOCIATES,NEWARK,NJ,07105,31D2118958,hudsonmdgroup.com,https://doctor.webmd.com/practice/essex-gastro-associates-pa-a873ab2c-3ed8-4ac1-bec4-ad6e7838d178
RU,"DERMATOLOGY ASSOCIATES OF SOUTH JERSEY, LLC",MOUNT LAUREL,NJ,08054,31D2027817,dermatologysouthjersey.com,https://dermatologysouthjersey.com/
RU,REPRODUCTIVE MEDICINE ASSOCIATES,MARLTON,NJ,08053,31D2120264,rmanetwork.com,https://rmanetwork.com/clinics/marlton/
RU,"APOLLO CLINICAL LABORATORIES, INC",UNION,NJ,07083,31D2114374,qlslabs.com,https://www.qlslabs.com/
RU,ATLANTIC MEDICAL ONCOLOGY,SPARTA,NJ,07871,31D2093926,atlantichealth.org,https://www.atlantichealth.org/locations/sparta-health-wellness/medical-oncology-physician-practice
RU,"VANGUARD MEDICAL, PA",DENVILLE,NJ,07834,31D2155829,vanguardmedgroup.com,https://vanguardmedgroup.com/contact/denville-office/
RU,REPRODUCTIVE MEDICINE ASSOCIATES,SPRINGFIELD,NJ,07081,31D2122628,rmanetwork.com,https://rmanetwork.com/our-locations/rma-new-jersey/springfield-nj/
RU,ETHEL DIAGNOSTIC LABORATORY,EDISON,NJ,08817,31D2140887,ehealthscores.com,https://npidb.org/organizations/allopathic_osteopathic_physicians/anatomic-pathology_207zp0101x/1437704905.aspx
RU,P AND S MEDICAL GROUP LLC,BRIDGEWATER,NJ,08807,31D2281954,psmedgroup.com,https://psmedgroup.com/
RU,ATLANTIC MEDICAL GROUP - DBA ACOHA-NJ,WEST ORANGE,NJ,07052,31D2133984,atlantichealth.org,https://www.atlantichealth.org/locations/741-northfield-avenue-west-orange/hematology-oncology-physician-practice
RU,PREMIER LABORATORIES,WOOD-RIDGE,NJ,07075,31D2197504,whereorg.com,https://www.mapquest.com/us/new-jersey/premier-laboratories-llc-776715258
RU,AMEDIX DIAGNOSTIC,LITTLE FALLS,NJ,07424,31D2263712,amedixlaboratory.com,https://amedixlaboratory.com/
RU,MANHATTAN INTERNAL MEDICINE ASSOCIATES PC,NEW YORK,NY,10016,33D0130701,manhattanmedicine.net,https://www.manhattanmedicine.net/
RU,"JOURNEY TO WELLNESS, INC",PERTH AMBOY,NJ,08861,31D2303983,treatmentnj.net,https://treatmentnj.net/
RU,"ORBUCH BRAND DERMATOLOGY ASSOCIATES, LLP",BETHPAGE,NY,11714,33D0156337,npino.org,https://www.npino.org/npi/orbuch-brand-dermatology-associates-llp-1992785117.html
RU,ATLANTIC DERMATOLOGIC ASSOCIATES LLP,BROOKLYN,NY,11234,33D0147899,atlanticderm.com,https://atlanticderm.com/
RU,WOODMERE MEDICAL ASSOCIATES,WOODMERE,NY,11598,33D0155533,manninghammedicalcentre.com.au,https://doctor.webmd.com/practice/woodmere-medical-associates-30be68c8-4703-e211-a42b-001f29e3eb44
RU,SULLIVAN INTERNAL MEDICAL GROUP PC,MONTICELLO,NY,12701,33D0164352,middletownmedical.com,https://npiregistry.cms.hhs.gov/provider-view/1841295474
RU,MONMOUTH MEDICAL CENTER VANTAGE POINT,WEST LONG BRANCH,NJ,07764,31D2157832,rwjbh.org,https://www.rwjbh.org/our-locations/outpatient-rehab-center/monmouth-medical-center-outpatient-infusion-cent/
RU,NORTH SHORE HEMATOLOGY ONCOLOGY ASSOCIATES PC,PORT JEFFERSON STATION,NY,11776,33D0159503,ny.hospitals-usa.org,https://ny.hospitals-usa.org/item/north-shore-hematology-oncology-associates-pc/directions/
RU,WESTCHESTER MEDICAL GROUP PLLC,WHITE PLAINS,NY,10604,33D0669333,summithealth.com,https://www.summithealth.com/locations/white-plains-210-westchester-avenue
RU,OPTUM MEDICAL CARE PC,SYOSSET,NY,11791,33D0667934,east.optum.com,https://east.optum.com/locations/primary-care-syosset/
RU,OPTUM MEDICAL CARE PC,ROCKVILLE CENTRE,NY,11570,33D0671012,optum.com,https://www.optum.com/en/care/locations/optum-new-york.html
RU,WESTCHESTER MEDICAL GROUP PLLC,YONKERS,NY,10710,33D0140385,dayofdifference.org.au,https://dayofdifference.org.au/w-medical/westchester-medical-group-yonkers.html
RU,HORIZON MEDICAL GROUP PC,CHESTER,NY,10918,33D0141290,horizonfamilymedical.com,https://ourhealthnetwork.com/group-practice/horizon-medical-group-pc-chester-ny-6103715529
RU,LONG ISLAND PULMONARY ASSOCIATES PC,GARDEN CITY,NY,11530,33D0689665,longislandpulmonarydoctors.com,https://local.yahoo.com/info-230853030-sakowitz-mervin-long-island-pulmonary-associates-pc-garden-city/
RU,PEDIATRIC ASSOCIATES,HOLBROOK,NY,11741,33D0711068,pediatricassociates.com,https://www.pediatricassociates.com/contact-us
RU,PEDIATRIC ASSOCIATES OF PLAINVIEW LLP,HICKSVILLE,NY,11801,33D0963261,pedsofplainview.com,https://pedsofplainview.com/
RU,KIDS CARE PEDIATRIC ASSOCIATES PC,ELMONT,NY,11003,33D0674937,kids-care.com,https://kids-care.com/
RU,SEVENTY SECOND STREET MEDICAL ASSOCIATES PC,NEW YORK,NY,10021,33D0890124,72medical.com,https://72medical.com/
RU,"NORTH SHORE HEMATOLOGY-ONCOLOGY ASSOCIATES, PC",EAST ISLIP,NY,11730,33D0926424,ny.hospitals-usa.org,https://opennpi.com/provider/1669334959
RU,GREAT NECK PEDIATRIC ASSOCIATES PC,GREAT NECK,NY,11023,33D0143291,greatneckpeds.com,https://www.greatneckpeds.com/
RU,BUFFALO MEDICAL GROUP,WILLIAMSVILLE,NY,14221,33D0950892,buffalomedicalgroup.com,https://www.buffalomedicalgroup.com/
RU,WOMEN'S WELLNESS PLACE PC,SYRACUSE,NY,13210,33D0906328,thewomenswellnessplace.com,https://www.thewomenswellnessplace.com/
RU,ENDO ASSOCIATES OF STATEN ISLAND,STATEN ISLAND,NY,10306,33D0897210,vitadox.com,https://npidb.org/organizations/allopathic_osteopathic_physicians/anesthesiology_207l00000x/1518107283.aspx
RU,NORTH SHORE HEMATOLOGY ONCOLOGY ASSOCIATES,BRONX,NY,10469,33D0906022,nshoa.com,http://www.nshoa.com/about
RU,ATLANTIC DERMATOLOGIC ASSOCIATES LLP,LYNBROOK,NY,11563,33D0948973,atlanticderm.com,https://www.atlanticderm.com/contact.html
RU,NY CARDIOLOGY ASSOCIATES PC,NEW YORK,NY,10065,33D0886395,newyorkcardiologyassoc.com,https://newyorkcardiologyassoc.com/
RU,"DIGESTIVE HEALTHCARE ASSOCIATES, PC",GREAT NECK,NY,11023,33D0868204,digestivehealthcareassociates.com,https://digestivehealthcareassociates.com/
RU,BUFFALO MEDICAL GROUP PC,ORCHARD PARK,NY,14127,33D0954485,buffalomedicalgroup.com,https://www.buffalomedicalgroup.com/
RU,"PEDIATRIC ASSOCIATES OF NYC, PC",BROOKLYN,NY,11238,33D0967649,pediatricassociatesnyc.com,https://www.pediatricassociatesnyc.com/
RU,WESTCHESTER MEDICAL GROUP PLLC,RYE,NY,10580,33D0994912,summithealth.com,https://www.summithealth.com/locations/rye-1-theall-road
RU,INNA GORDIN MEDICAL PC,BROOKLYN,NY,11223,33D0999154,doctorgordin.com,https://doctorgordin.com/
RU,LYUDMILA SVERKUNOVA MEDICAL PC,BROOKLYN,NY,11229,33D1049273,2findlocal.com,https://npino.com/pediatric-clinic/1548920424-sverkunova-lyudmila-medical-p.c./
RU,LIFE LONG MEDICAL PC,BROOKLYN,NY,11229,33D1004384,lifelongmedical.org,https://lifelongmedical.org/
RU,WESTCHESTER MEDICAL GROUP PLLC,NEW ROCHELLE,NY,10801,33D1001304,dayofdifference.org.au,https://ourhealthnetwork.com/group-practice/westchester-medical-group-pc-new-rochelle-ny-6406752963
RU,BEST WOMENS MEDICAL CARE PC,BROOKLYN,NY,11235,33D1017139,brooklynabortionclinic.nyc,https://www.brooklynabortionclinic.nyc/some-information-about-bwmc-and-who-we-are/
RU,KAKOSSIAN MEDICAL WOMAN CARE PC,BROOKLYN,NY,11235,33D0994451,obgyncosmetic.com,https://www.mapquest.com/us/new-york/kakossian-medical-womens-care-262624280
RU,BB MEDICAL & DERMATOLOGY INC PC,KINGSTON,NY,12401,33D1013783,everydayhealth.care,https://npidb.org/organizations/allopathic_osteopathic_physicians/mohs-micrographic-surgery_207nd0101x/1790210516.aspx
RU,BRENTWOOD PEDIATRIC & ADOLESCENT ASSOCIATES PC,BAY SHORE,NY,11706,33D1061157,brentwoodpediatricsny.com,https://brentwoodpediatricsny.com/
RU,KOFMAN MEDICAL SERVICES PC,BROOKLYN,NY,11229,33D1039705,dayofdifference.org.au,https://npiregistry.cms.hhs.gov/provider-view/1093899650
RU,OPTUM MEDICAL CARE PC,SYOSSET,NY,11791,33D2008856,east.optum.com,https://east.optum.com/locations/primary-care-syosset/
RU,URGENT ONE MEDICAL CARE PC,CEDARHURST,NY,11516,33D1054884,whereorg.com,https://www.sharecare.com/find-a-doctor/group-profile/ny-new-york/cedarhurst/urgent-one-medical-xrd4tm
RU,I K MEDICAL PC,BROOKLYN,NY,11209,33D0958869,,https://www.company-detail.com/company-ik-medical-p-c-6281169
RU,EDWARD CONDON MEDICAL PC,COMMACK,NY,11725,33D1087089,condonmedical.com,https://condonmedical.com/
RU,LONG ISLAND QUEENS MEDICAL ASSOCIATES PC,MINEOLA,NY,11501,33D1091586,conciergemedicaldirectory.com,https://doctor.webmd.com/practice/long-island-queens-medical-associates-3412cac5-4703-e211-a42b-001f29e3eb44
RU,NEW YORK ANESTHESIOLOGY MEDICAL SPECIALTIES,NORTH SYRACUSE,NY,13212,33D1084608,newyork-company.com,https://npino.com/medical-supplies/1841285996-new-york-anesthesiology-medical-specialties-pc/
RU,GASTROENTEROLOGY ASSOCIATES OF SUFFOLK PC,SMITHTOWN,NY,11787,33D1099573,gastroofsuffolk.com,https://gastroofsuffolk.com/
RU,MAZE LABORATORIES,NEW YORK,NY,10017,33D2013580,mazelabs.com,https://www.mazelabs.com/
RU,DR YIO MEDICAL SERVICE PC,FLUSHING,NY,11354,33D1099029,dryio.com,https://dryio.com/
RU,"V ALEKSANDROVICH MEDICAL, PC",BROOKLYN,NY,11224,33D1048600,aleksandrovichmd.com,https://www.aleksandrovichmd.com/
RU,AGI MEDICAL PLLC,BROOKLYN,NY,11220,33D2008858,agimedpc.com,https://doctor.webmd.com/practice/agi-medical-pllc-10296b06-b42a-e711-a8b6-001f29e3eb44
RU,MIDDLETOWN MEDICAL PC,CIRCLEVILLE,NY,10919,33D2005147,middletownmedical.com,https://middletownmedical.com/circleville/
RU,"NY MEDICAL SKIN SOLUTIONS, PLLC",NEW YORK,NY,10016,33D1089124,skincarenyc.com,https://skincarenyc.com/
RU,CTU MEDICAL PC,BROOKLYN,NY,11220,33D2018482,connect.medicalnewstoday.com,https://npiregistry.cms.hhs.gov/provider-view/1003141573
RU,WESTERN NEW YORK MEDICAL PC,AMHERST,NY,14226,33D2002223,wnymedical.com,https://wnymedical.com/
RU,"ADVANCED SOUTHERN WESTCHESTER MEDICAL, PC",YONKERS,NY,10701,33D2036797,advancedurologywestchester.com,https://www.advancedurologywestchester.com/
RU,OPTUM MEDICAL CARE PC,LAKE SUCCESS,NY,11042,33D2048212,east.optum.com,https://east.optum.com/locations/internal-medicine-lake-success-ste-310/
RU,PREMIER MEDICAL GROUP OF THE HUDSON VALLEY PC,POUGHKEEPSIE,NY,12601,33D2113820,premiermedicalhv.com,https://premiermedicalhv.com/
RU,NEW YORK MEDICAL SCIENCES PC,NEW YORK,NY,10019,33D2104121,nymamed.com,https://npidb.org/organizations/allopathic_osteopathic_physicians/reproductive-endocrinology_207ve0102x/1083166003.aspx
RU,WESTCHESTER MEDICAL GROUP PLLC,YONKERS,NY,10701,33D2127860,dayofdifference.org.au,https://dayofdifference.org.au/w-medical/westchester-medical-group-yonkers.html
RU,MANHATTAN PEDIATRIC ASSOCIATES,BROOKLYN,NY,11220,33D2063831,manhattan-pediatrics.com,https://manhattan-pediatrics.com/
RU,NORTH SHORE HEMATOLOGY-ONCOLOGY ASSOCIATES PC,BABYLON,NY,11702,33D2101355,babylonbeacon.com,https://contactout.com/company/north-shore-hematology-oncology-associates-nshoa-5038658
RU,NEW YORK PROFESSIONAL MEDICAL SERVICES LLC,BROOKLYN,NY,11214,33D2100316,dayofdifference.org.au,https://data.cms.gov/tools/medicare-revalidation-list/provider/O20150123000194
RU,"INTEGRATED MEDICAL PROFESSIONALS, PLLC",FARMINGDALE,NY,11735,33D2109963,imppllc.com,https://imppllc.com/
RU,MANHATTAN PEDIATRIC ASSOCIATES PC,ELMHURST,NY,11373,33D2111572,manhattan-pediatrics.com,https://manhattan-pediatrics.com/
RU,MAIDEN LANE MEDICAL PLLCR,NEW YORK,NY,10038,33D2046630,maidenlanemedical.com,https://maidenlanemedical.com/
RU,MERRICK MEDICAL CARE PLLC,MERRICK,NY,11566,33D2073527,dayofdifference.org.au,https://npidb.org/organizations/ambulatory_health_care/ambulatory-surgical_261qa1903x/1821399981.aspx
RU,FNA MEDICAL DIAGNOSTICS PLLC,WEST HARRISON,NY,10604,33D2071407,,https://opennpi.com/provider/1477824506
RU,SOOD MEDICAL LLC,ARDSLEY,NY,10502,33D2146127,soodmedical.com,https://soodmedical.com/
RU,WESTCHESTER MEDICAL GROUP PLLC,PURCHASE,NY,10577,33D2132521,summithealth.com,https://www.summithealth.com/locations/purchase-3030-westchester-avenue
RU,ADVANCED MEDICAL OF GRAND CENTRAL PC,BROOKLYN,NY,11229,33D2152586,medicarelist.com,https://www.vitals.com/practice/advanced-medical-of-grand-central-pc-58c97669-a378-44ff-833d-bff1218a591a
RU,BRAIN AND SPINE MEDICAL SERVICES PLLC,WILLIAMSVILLE,NY,14221,33D2168229,w9ein.com,https://opennpi.com/provider/1073631644
RU,BUSHWICK PROFESSIONAL MEDICAL SERVICES OF NEW YORK,BROOKLYN,NY,11207,33D2174876,brooklyn-physicaltherapy.com,https://npidb.org/organizations/allopathic_osteopathic_physicians/vascular-surgery_2086s0129x/1003393299.aspx
RU,NORTH SHORE HEMATOLOGY-ONCOLOGY ASSOCIATES PC,LONG ISLAND CITY,NY,11102,33D2164668,ny.hospitals-usa.org,https://leadiq.com/c/north-shore-hematology-oncology-associates-nshoa/5a1d92fb5400005200778e39
RU,MIDDLETOWN MEDICAL PC,MIDDLETOWN,NY,10940,33D2182677,middletownmedical.com,https://middletownmedical.com/
RU,NORTH SHORE HEMATOLOGY ONCOLOGY ASSOCIATES PC,ELMHURST,NY,11373,33D2175048,,https://ourhealthnetwork.com/group-practice/north-shore-hematology-oncology-associates-pc-elmhurst-ny-1456243641
RU,EMPIRE MEDICAL OFFICE PC,NEW YORK,NY,10016,33D2189533,empiremedicalpc.com,https://empiremedicalpc.com/
RU,GREENBERG MEDICAL SERVICES PC,WOODBURY,NY,11797,33D2198228,greenbergcosmeticsurgery.com,https://npidb.org/organizations/allopathic_osteopathic_physicians/dermatology_207n00000x/1689181562.aspx
RU,JAMAICA QUEENS PROFESSIONAL MEDICAL SERVICES,JAMAICA,NY,11432,33D2157731,queenspromed.com,https://queenspromed.com/
RU,"NORTH SHORE HEMATOLOGY ONCOLOGY ASSOCIATES, PC",WADING RIVER,NY,11792,33D2186869,northshoreoncology.com,https://contactout.com/company/north-shore-hematology-oncology-associates-nshoa-5038658
RU,REPRODUCTIVE MEDICINE ASSOCIATES OF NEW YORK,BROOKLYN,NY,11201,33D2046784,rmany.com,https://www.rmany.com/
RU,CORONA MEDICAL PC,GREAT NECK,NY,11023,33D2210935,newyork-company.com,http://www.healthcare4ppl.com/medical-group/new-york/great-neck/corona-medical-pc-0749421279.html
RU,PRIORITY PRIVATE MEDICAL CARE PC,WATER MILL,NY,11976,33D2209975,patientprioritymedical.com,https://patientprioritymedical.com/
RU,NORTH SHORE HEMATOLOGY ONCOLOGY ASSOCIATES PC,FOREST HILLS,NY,11375,33D2221238,,https://contactout.com/company/north-shore-hematology-oncology-associates-nshoa-5038658
RU,NORTH SHORE HEMATOLOGY ONCOLOGY ASSOCIATES PC,NEW YORK,NY,10128,33D2228385,ny.hospitals-usa.org,https://leadiq.com/c/north-shore-hematology-oncology-associates-nshoa/5a1d92fb5400005200778e39
RU,PRIORITY PRIVATE MEDICAL CARE PC,NEW YORK,NY,10021,33D2223093,patientprioritymedical.com,https://patientprioritymedical.com/
RU,MINGXUE YANG MEDICAL PC,NEW YORK,NY,10017,33D2276962,allcarefertility.com,https://www.sharecare.com/doctor/dr-mingxue-yang
RU,"PRIORITY PRIVATE MEDICAL CARE, PC",NEW YORK,NY,10010,33D2283702,prnewswire.com,https://doctor.webmd.com/practice/priority-private-care-1ba7d71f-3c04-e711-a8b6-001f29e3eb44
RU,"PRIORITY PRIVATE MEDICAL CARE, PC",NEW YORK,NY,10001,33D2291511,,https://doctor.webmd.com/practice/priority-private-care-1ba7d71f-3c04-e711-a8b6-001f29e3eb44
RU,NORTH SHORE HEMATOLOGY ONCOLOGY ASSOCIATES,BROOKLYN,NY,11201,33D2266654,nshoa.com,http://www.nshoa.com/about
RU,JOSHUA BERKOWITZ MD MEDICAL PC,MANHASSET,NY,11030,33D2271534,npi-lookup.org,https://npino.com/npi/1811316771-dr.-joshua-berkowitz/
RU,FOREST HILLS MEDICAL SERVICES PC,NEW YORK,NY,10022,33D2313749,carecredit.com,https://www.carecredit.com/doctor-locator/forest-hills-ny/forest-hills-medical-services-pc-864jxn/
RU,"JRR MEDICAL, PC",NEW YORK,NY,10010,33D2327152,,https://npidb.org/organizations/allopathic_osteopathic_physicians/gastroenterology_207rg0100x/1891345666.aspx
RU,NORTH SHORE HEMATOLOGY ONCOLOGY ASSOCIATES PC,BROOKLYN,NY,11207,33D2231442,ny.hospitals-usa.org,https://contactout.com/company/north-shore-hematology-oncology-associates-nshoa-5038658
RU,NORTH SHORE HEMATOLOGY ONCOLOGY ASSOCIATES PC,LAKE RONKONKOMA,NY,11779,33D2231456,ny.hospitals-usa.org,https://ourhealthnetwork.com/group-practice/north-shore-hematology-oncology-associates-pc-ronkonkoma-ny-1456243641
RU,"CENTURY MEDICAL AND DENTAL CENTER, INC",BROOKLYN,NY,11223,33D2319880,centurymedicaldental.com,https://centurymedicaldental.com/
RU,BUFFALO MEDICAL GROUP,ORCHARD PARK,NY,14127,33D2307570,buffalomedicalgroup.com,https://www.buffalomedicalgroup.com/
RU,NORTH SHORE HEMATOLOGY AND ONCOLOGY ASSOCIATES PC,STATEN ISLAND,NY,10314,33D2321381,nshoa.com,http://www.nshoa.com/about
RU,NORTH SHORE HEMATOLOGY ONCOLOGY ASSOCIATES PC,STATEN ISLAND,NY,10301,33D2238572,nshoa.com,http://www.nshoa.com/about
RU,WETCHLER MEDICAL PC,WOODBURY,NY,11797,33D2313732,lakesideconciergemed.com,https://www.lakesideconciergemed.com/
RU,OPTUM MEDICAL CARE PC,PORT JEFFERSON STATION,NY,11776,33D2323914,east.optum.com,https://east.optum.com/locations/internal-medicine-port-jefferson/
RU,COMMUNITY MEDICAL & DENTAL CARE INC,SUFFERN,NY,10901,33D2325614,cmadc.com,https://cmadc.com/
RU,GENEVA MEDICAL CAMPUS,GENEVA,NY,14456,33D2321484,rochesterregional.org,https://www.rochesterregional.org/locations/medical-campuses/geneva
RU,WASHINGTON HEIGHTS FAMILY HEALTH NP PLLC,BRONX,NY,10453,33D2326196,nyp.org,https://npidb.org/organizations/physician_assistants/family_363lf0000x/1386463586.aspx
RU,OPEN DOOR FAMILY MEDICAL CENTER - CHURCH ST,OSSINING,NY,10562,33D2318259,opendoormedical.org,https://opendoormedical.org/for-patients/locations-hours-services-by-center/ossining/
RU,EAST LIBERTY FAMILY HEALTH CARE CENTER,PITTSBURGH,PA,15206,39D0177137,elfhcc.com,https://elfhcc.com/
RU,SOUTHWEST MEDICAL CENTER,BENTLEYVILLE,PA,15314,39D0179861,patientportal.swmedcenter.com,https://www.patientportal.swmedcenter.com/
RU,FULTON COUNTY MEDICAL CENTER,MCCONNELLSBURG,PA,17233,39D0187054,fcmcpa.org,https://fcmcpa.org/
RU,LUZATO MEDICAL GROUP PC,NEW YORK,NY,10017,33D2324334,luzatomedicalgroup.com,https://luzatomedicalgroup.com/
RU,EAST SIDE ONCOLOGY ASSOCIATES PLLC,NEW YORK,NY,10004,33D2332274,oncologynewyork.com,https://www.oncologynewyork.com/
RU,METABOLIC DISEASE ASSOCIATES INC,ERIE,PA,16501,39D0184183,metabolicdiseaseassociates.com,https://www.metabolicdiseaseassociates.com/contact
RU,UR MEDICINE GENDER WELLNESS - OBSTETRICS AND,ROCHESTER,NY,14620,33D2328246,urmc.rochester.edu,https://urmc.rochester.edu/ob-gyn/gynecology/practices/gender-wellness
RU,CANCER CARE ASSOCIATES OF YORK,YORK,PA,17403,39D0187805,cancercareyork.com,https://cancercareyork.com/
RU,FULTON COUNTY MEDICAL CENTER,MCCONNELLSBURG,PA,17233,39D0690451,fcmcpa.org,https://fcmcpa.org/
RU,ADVANCED DERMATOLOGY ASSOCIATES LTD,ALLENTOWN,PA,18103,39D0191111,adaltd.com,https://adaltd.com/
RU,AHAVA MEDICAL AND REHABILITATION CENTER LLC,BROOKLYN,NY,11210,33D2328066,ahavamedical.com,https://ahavamedical.com/
RU,DERMATOLOGY ASSOCIATES,GETTYSBURG,PA,17325,39D0187270,dermyork.com,https://dermyork.com/contact-us/
RU,DERMATOLOGY ASSOCIATES OF YORK INC,YORK,PA,17402,39D0678072,dermyork.com,https://dermyork.com/
RU,MULTIVIZ MEDICAL SERVICES PC DBA OCEAN HILL,BROOKLYN,NY,11233,33D2327405,multivizhealth.com,https://multivizhealth.com/
RU,"YARDLEY DERMATOLOGY ASSOCIATES, PC",YARDLEY,PA,19067,39D0887030,yardleyderm.com,https://yardleyderm.com/
RU,GEISINGER MEDICAL CENTER CANCER CENTER HAZLETON,HAZLETON,PA,18201,39D0191388,locations.geisinger.org,https://locations.geisinger.org/gmc-hazleton-cancer-center
RU,JEFFERSON DERMATOLOGY ASSOCIATES,PHILADELPHIA,PA,19107,39D0696343,,https://www.practo.com/philadelphia/clinic/jefferson-dermatology-associates-philadelphia
RU,AESTHETIC DERMATOLOGY ASSOCIATES PC,MEDIA,PA,19063,39D0885383,adaderm.com,https://adaderm.com/locations/media-pa/
RU,GENETIC DIAGNOSTIC LABORATORY,PHILADELPHIA,PA,19104,39D0893887,genetics.med.upenn.edu,https://genetics.med.upenn.edu/genetic-diagnostic-laboratory
RU,CARDIOLOGY ASSOCIATES OF ALTOONA LLP,ALTOONA,PA,16601,39D0914292,cardiologyaltoona.com,https://cardiologyaltoona.com/
RU,CONSULTANTS IN MEDICAL ONCOLOGY & HEMATOLOGY,NEWTOWN SQUARE,PA,19073,39D0947663,crozerhealth.org,https://www.crozerhealth.org/locations/practices/c/consultants-in-medical-oncology-and-hematology---newtown-square/
RU,OB/GYN ASSOCIATES OF ERIE,ERIE,PA,16507,39D0679874,obgynoferie.com,https://obgynoferie.com/
RU,VITA MEDICAL ASSOCIATES PC,BETHLEHEM,PA,18015,39D0950912,vitamedicalassociates.com,https://vitamedicalassociates.com/
RU,GEISINGER CLINIC DBA GEISINGER MEDICAL GROUP,STATE COLLEGE,PA,16801,39D1021114,locations.geisinger.org,https://locations.geisinger.org/geisinger-scenery-park
RU,"INFECTIOUS DISEASE LABORATORIES, UNIV OF PITTS",PITTSBURGH,PA,15213,39D1010503,dom.pitt.edu,https://dom.pitt.edu/id/clinical/programs-labs/
RU,AZIZKHAN INTERNAL MEDICINE ASSOCIATES,CAMP HILL,PA,17011,39D0978140,azizkhaninternalmedicine.com,https://www.azizkhaninternalmedicine.com/
RU,CONSULTANTS IN MEDICAL ONCOLOGY & HEMATOLOGY,GLEN MILLS,PA,19342,39D2036126,cmoh.org,https://cmoh.org/
RU,"AESTHETIC DERMATOLOGY ASSOCIATES, PC -PAOLI OFFICE",PAOLI,PA,19301,39D2142589,adaderm.com,https://adaderm.com/locations/paoli-pa/
RU,PSH HOLY SPIRIT MEDICAL CTR POCT,CAMP HILL,PA,17011,39D2151185,pennstatehealth.org,https://www.pennstatehealth.org/locations/penn-state-health-holy-spirit-medical-center
RU,MOUNT NITTANY MEDICAL CENTER,STATE COLLEGE,PA,16803,39D2334736,mountnittany.org,https://www.mountnittany.org/medical-facilities/mount-nittany-medical-center
RU,BRYN MAWR MEDICAL SPECIALISTS ASSOCIATION,WYNNEWOOD,PA,19096,39D1040519,bmmsa.com,https://bmmsa.com/
RU,"PITTSBURGH GASTROENTEROLOGY ASSOCIATES, LTD",PITTSBURGH,PA,15241,39D2067596,pghgastro.com,https://pghgastro.com/index.html
REF,"KEVIN GIADROSICH, M D, PC",HOOVER,AL,35216,01D0301540,,https://health.usnews.com/doctors/kevin-giadrosich-358328
RU,REGIONAL ARTHRITIS & RHEUMATOLOGY ASSOCIATES,HERMITAGE,PA,16148,39D2161279,raraclinic.com,https://raraclinic.com/
RU,INDIANA REGIONAL MEDICAL CENTER,INDIANA,PA,15701,39D2167130,indianarmc.org,http://www.indianarmc.org/
RU,GREENTREE MEDICAL CENTER,PITTSBURGH,PA,15220,39D2033974,phhealthcare.org,https://doctor.webmd.com/practice/greentree-medical-associates-5d95602c-ac44-4791-99cf-c7655f883817
REF,UAB OB/GYN RESEARCH AND DIAGNOSTIC LABORATORY,BIRMINGHAM,AL,35233,01D0641549,uab.edu,https://www.uab.edu/medicine/crwh/center-services/research-and-diagnostic-laboratory
RU,LABORATORY ASSOCIATES OF ERIE LLC,ERIE,PA,16507,39D2135920,associatedclinicallabs.com,https://associatedclinicallabs.com/
RU,PSH HAMPDEN MEDICAL CENTER POCT,ENOLA,PA,17025,39D2228255,pennstatehealth.org,https://pennstatehealth.org/hampden
REF,ALABAMA DEPARTMENT OF PUBLIC HEALTH,PRATTVILLE,AL,36066,01D0641691,alabamapublichealth.gov,https://www.alabamapublichealth.gov/
REF,CELLULAR IMMUNOBIOLOGY LABORATORY,BIRMINGHAM,AL,35294,01D0641551,uhbpathology.com,https://uhbpathology.com/departments-list/clinical-chemistry/blood-sciences-contacts/26-flow-cytometry-laboratory
REF,LABCORP OF AMERICA HOLDINGS,ANNISTON,AL,36207,01D0641706,labcorp.com,https://labcorp.com/
REF,LABORATORY CORPORATION OF AMERICA HOLDINGS,HUNTSVILLE,AL,35801,01D0665515,npiindex.com,https://linkedin.com/company/lab-corporation-of-america-holdings
REF,DECATUR DIAGNOSTIC LABORATORY INC,DECATUR,AL,35603,01D0302324,decaturdiagnosticlab.net,https://www.decaturdiagnosticlab.net/
REF,DEPARTMENT OF GENETICS CYTOGENETICS LABORATORY,BIRMINGHAM,AL,35294,01D0715750,uab.edu,https://www.uab.edu/medicine/genetics/clinical/clinical-labs/cytogenetics-laboratory
REF,MOBILE DIVISION LABORATORY,MOBILE,AL,36606,01D0641761,alabamapublichealth.gov,https://www.alabamapublichealth.gov/bcl/mobile-division-laboratory.html
REF,JCDH CENTRAL HEALTH CENTER DISEASE CONTROL,BIRMINGHAM,AL,35233,01D0668923,jcdh.org,https://www.jcdh.org/SitePages/Programs-Services/DiseaseControl/DiseaseControl.aspx
REF,UAHSF DIAGNOSTIC VIROLOGY LABORATORY,BIRMINGHAM,AL,35233,01D0668136,uabacademicannualreport.annualreportchildrensal.org,https://uabacademicannualreport.annualreportchildrensal.org/division_infectiousdiseases.html
REF,"VALLEY PATHOLOGY, LLC",DECATUR,AL,35601,01D0683443,valleypathologyllc.com,https://www.valleypathologyllc.com/
REF,MICROPHASE CLINICAL LABORATORY,HUNTSVILLE,AL,35803,01D0923800,microphaselab.com,https://microphaselab.com/
REF,APEX DIAGNOSTIC LABORATORIES,HUNTSVILLE,AL,35805,01D1009099,apexdiagnosticlab.com,https://apexdiagnosticlab.com/
REF,SOUTHERN BLOOD SERVICES INC,BIRMINGHAM,AL,35243,01D1012706,southernbloodservices.com,https://southernbloodservices.com/
REF,BIRMINGHAM GASTROENTEROLOGY ASSOC PC,BIRMINGHAM,AL,35209,01D0942786,bgapc.com,https://bgapc.com/
REF,GUT PATHOLOGY LLC,DOTHAN,AL,36305,01D1094125,opengovus.com,https://opengovus.com/physician/6103909437
REF,LABORATORY CORPORATION OF AMERICA HOLDINGS,BIRMINGHAM,AL,35243,01D0993817,labcorp.com,https://www.labcorp.com/node/77
REF,LABORATORY CORPORATION OF AMERICA HOLDINGS,CALERA,AL,35040,01D2080446,labcorp.com,https://labcorp.com/
REF,SOUTHEAST CLINICAL LABORATORIES,BIRMINGHAM,AL,35222,01D2091573,southeastlabs.com,https://southeastlabs.com/
REF,LABORATORY CORPORATION OF AMERICA HOLDINGS,DOTHAN,AL,36303,01D0304728,locations.labcorp.com,https://locations.labcorp.com/al/dothan/2135/
RU,GASTROENTEROLOGY ASSOCIATES LTD,ALLENTOWN,PA,18104,39D0657489,gastroenterologyassociatesltd.com,https://gastroenterologyassociatesltd.com/
REF,"CSL PLASMA, INC",RAINBOW CITY,AL,35906,01D2177653,cslplasma.com,https://www.cslplasma.com/center/275
REF,JCDH EASTERN HEALTH CENTER DISEASE CONTROL,BIRMINGHAM,AL,35206,01D2194165,jcdh.org,https://www.jcdh.org/SitePages/Programs-Services/DiseaseControl/DiseaseControl.aspx
REF,IREPERTOIRE MOLECULAR LABORATORY,HUNTSVILLE,AL,35806,01D2188667,irepertoire.com,https://irepertoire.com/
REF,JCDH WESTERN HEALTH CENTER DISEASE CONTROL,MIDFIELD,AL,35228,01D2265958,jcdh.org,https://www.jcdh.org/SitePages/Programs-Services/DiseaseControl/DiseaseControl.aspx
REF,ECLIPSE PATHOLOGY LLC,MADISON,AL,35758,01D2286108,labprospects.com,https://npidb.org/organizations/allopathic_osteopathic_physicians/clinical-pathology_207zc0006x/1982484614.aspx
REF,BIOLIFE PLASMA SERVICES L P,MOBILE,AL,36608,01D2177196,biolifeplasma.com,https://biolifeplasma.com/
REF,USA HEALTH FREESTANDING EMERGENCY DEPARTMENT,MOBILE,AL,36608,01D2229845,usahealthsystem.com,https://www.usahealthsystem.com/locations/freestanding-ed
REF,MADISON CORE LABORATORIES,HUNTSVILLE,AL,35805,01D2116823,madisoncorelabs.com,https://madisoncorelabs.com/
REF,SOUTHEAST CLINICAL LABORATORIES - WALKER MEDICAL,JASPER,AL,35501,01D2327017,walker-md.com,https://walker-md.com/
REF,CSL PLASMA INC,MONTGOMERY,AL,36117,01D2065408,cslplasma.com,https://www.cslplasma.com/
REF,"CERFLUX, INC",BIRMINGHAM,AL,35203,01D2247841,cerflux.com,https://cerflux.com/
REF,LABORATORY CORPORATION OF AMERICA HOLDINGS,ANNISTON,AL,36205,01D2170323,labcorp.com,https://www.labcorp.com/
REF,LABORATORY CORPORATION OF AMERICA,ANCHORAGE,AK,99503,02D0640755,labcorp.com,https://www.labcorp.com/patients
REF,QUEST DIAGNOSTICS,ANCHORAGE,AK,99508,02D0640756,questdiagnostics.com,https://www.questdiagnostics.com/locations/detail.html/AA/99508/75/1
REF,"MEDESSIA HEALTH, LLC",OPELIKA,AL,36801,01D2340785,medessiahealth.com,https://www.medessiahealth.com/
REF,LABORATORY CORPORATION OF AMERICA,ANCHORAGE,AK,99508,02D2223872,labcorp.com,https://www.labcorp.com/patients
REF,ALPINE MEDICAL CLINIC,PRUDHOE BAY,AK,99734,02D0969249,alpinemedicalgroup.com,https://www.alpinemedicalgroup.com/
REF,CELLNETIX PATHOLOGY ALASKA REGIONAL HOSPITAL,ANCHORAGE,AK,99508,02D2201100,cellnetix.com,https://cellnetix.com/divisions/alaska/
REF,KUPARUK MEDICAL CLINIC,PRUDHOE BAY,AK,99734,02D0671921,labprospects.com,https://www.labprospects.com/CLIA/02D0671921
REF,ACCUTRACE LABORATORIES INC,PHOENIX,AZ,85021,03D0641886,loc8nearme.com,https://www.loc8nearme.com/arizona/phoenix/accu-trace-labs-inc/5454558/
REF,"AIRCARE ALASKA, LLC",FAIRBANKS,AK,99709,02D2314627,aircarealaska.com,https://aircarealaska.com/
REF,"CSL PLASMA, INC",TEMPE,AZ,85282,03D0694716,cslplasma.com,https://www.cslplasma.com/center/427
REF,QUEST DIAGNOSTICS,FAIRBANKS,AK,99701,02D0641234,locations.questdiagnostics.com,https://locations.questdiagnostics.com/ak/fairbanks
REF,LIFEMED ALASKA LLC,ANCHORAGE,AK,99502,02D1090167,lifemedalaska.com,https://lifemedalaska.com/
REF,PIMA COUNTY HEALTH DEPARTMENT,TUCSON,AZ,85745,03D0683066,pima.gov,http://pima.gov/health/
REF,"GUARDIAN FLIGHT, LLC",ANCHORAGE,AK,99502,02D2028442,guardianflight.com,https://guardianflight.com/
REF,CAMPUS HEALTH SERVICES,TUCSON,AZ,85721,03D0057856,health.arizona.edu,https://health.arizona.edu/
REF,SAGIS,TUCSON,AZ,85718,03D0962326,sagisdx.com,https://www.sagisdx.com/
REF,ARIZONA ANDROLOGY LAB & CRYOBANK,TUCSON,AZ,85710,03D0991404,arizonaandrology.com,https://arizonaandrology.com/
REF,QUALITY OF LIFE INTEGRATED HEALTH CENTER,TUCSON,AZ,85710,03D1012182,qmedcenter.com,https://qmedcenter.com/
REF,MARICOPA COUNTY PUBLIC HEALTH LAB,PHOENIX,AZ,85006,03D0057138,maricopa.gov,https://maricopa.gov/
REF,AFFILIATED LABORATORIES,SCOTTSDALE,AZ,85255,03D2051762,affderm.com,https://affderm.com/about/dermatopathology-lab
REF,SOUTHWEST SKIN LABORATORY PLLC,GILBERT,AZ,85295,03D2046062,swskin.net,https://linkedin.com/company/southwest-skin-laboratory-pllc
REF,EAST VALLEY INTERNAL MEDICINE PC,CHANDLER,AZ,85224,03D0872266,evimaz.com,https://evimaz.com/
REF,RICHARD LEE AVERITTE JR PLLC DBA,SURPRISE,AZ,85374,03D2053259,affderm.com,https://affderm.com/team/richard-l-averitte/
REF,ALASKA NATIVE MEDICAL CENTER POCT 2,ANCHORAGE,AK,99508,02D2322468,anmc.org,https://anmc.org/
REF,PATHLAB INC,SIERRA VISTA,AZ,85635,03D2067119,ehealthscores.com,https://www.ehealthscores.com/care-lpqzlqzpcl-pathlab-inc-sierra-vista.html
REF,NORTHERN ARIZONA MEDICAL GROUP,KINGMAN,AZ,86409,03D1097848,namg.us,https://namg.us/
REF,"EXPERT GENETICS, LLC",PHOENIX,AZ,85028,03D2102432,everydayhealth.care,https://www.linkedin.com/in/christine-stephenson-97350b13
REF,"CYREX LABORATORIES, LLC",PHOENIX,AZ,85034,03D2006336,cyrexlabs.com,https://www.cyrexlabs.com/
REF,VINCERE MOLECULAR & PATHOLOGY LAB,SCOTTSDALE,AZ,85260,03D2183334,vincerecancer.com,https://vincerecancer.com/meet-dr-prichard/
REF,"ARIZONA GASTROENTEROLOGY, LTD",TUCSON,AZ,85741,03D2114624,azgastroenterology.com,https://azgastroenterology.com/
REF,SPECIALIZED UNIVERSITY PATHOLOGISTS,GILBERT,AZ,85297,03D2137703,pathology.arizona.edu,https://health.usnews.com/doctors/yuan-lin-251575
REF,"AGA PATHOLOGY LAB, TUCSON",TUCSON,AZ,85718,03D2277352,azgastrohealth.com,https://azgastrohealth.com/practice-locations/aga-pathology-lab/
REF,"VIRTUAL SCIENTIFIC, INC",QUEEN CREEK,AZ,85142,03D1079575,virtualscientific.net,https://virtualscientific.net/
REF,AMERIPATH TUCSON INC,TUCSON,AZ,85718,03D2276836,ameripath.com,https://ameripath.com/
REF,ARIZONA DIAGNOSTIC PATHOLOGY ASSOCIATES,TUCSON,AZ,85712,03D2294971,adpalab.com,https://adpalab.com/
REF,"DESERT LABORATORIES, LLC",CHANDLER,AZ,85224,03D2084339,desertlaboratories.com,https://desertlaboratories.com/
REF,AMERIPATH TUCSON INC,MESA,AZ,85212,03D2279731,ameripath.com,https://ameripath.com/
REF,TUCSON GASTRO SPECIALISTS PATHOLOGY,TUCSON,AZ,85712,03D2285621,tucsongastro.com,https://tucsongastro.com/
REF,ARKANSAS ANATOMIC PATHOLOGY LABORATORY AND,JONESBORO,AR,72401,04D1018945,dapsonline.com,https://www.dapsonline.com/
REF,PHYSICIANS LABORATORIES OF AMERICA LLC,LITTLE ROCK,AR,72205,04D2042678,plallc.com,https://plallc.com/
REF,COPPER QUEEN COMMUNITY HOSPITAL,DOUGLAS,AZ,85607,03D2124326,cqch.org,https://cqch.org/
REF,CND LIFE SCIENCES R&D LAB,SCOTTSDALE,AZ,85258,03D2291165,cndlifesciences.com,https://cndlifesciences.com/
REF,LABCORP OF AMERICA,LITTLE ROCK,AR,72212,04D0928951,locations.labcorp.com,https://locations.labcorp.com/ar/
REF,PATHOLOGY SERVICES LABORATORY PA,RUSSELLVILLE,AR,72801,04D0468992,pathologyserviceslab.com,https://pathologyserviceslab.com/
REF,NORTHWEST ARKANSAS PATHOLOGY AT MERCY MED CTR,ROGERS,AR,72758,04D1051971,mercy.net,https://www.mercy.net/practice/mercy-hospital-northwest-arkansas/
REF,AR ANATOMIC PATHOLOGY LABORATORY/DOCTORS',JONESBORO,AR,72401,04D0892601,dapsonline.com,https://www.dapsonline.com/
REF,AEL - CONWAY,CONWAY,AR,72034,04D2115207,ael.com,https://www.ael.com/
REF,SUNSCIENCE LABS INC,TEMPE,AZ,85284,03D2282539,sunsciencelab.com,https://www.sunsciencelab.com/
REF,"MICRO-DIAGNOSTIC LABORATORIES, INC",BENTON,AR,72019,04D0913430,citysquares.com,https://www.facebook.com/MICRODXLAB/
REF,UNITY HEALTH WHITE COUNTY ONCOLOGY,SEARCY,AR,72143,04D2025650,unity-health.org,https://www.unity-health.org/locations/unity-health-white-county-oncology/
REF,NWA PATHOLOGY AT WRMC FS ROOM,FAYETTEVILLE,AR,72703,04D1051973,nwapathology.com,https://nwapathology.com/
REF,QUEST DIAGNOSTICS - ROGERS RRL,ROGERS,AR,72758,04D2225444,locations.questdiagnostics.com,https://locations.questdiagnostics.com/ar/rogers
REF,"NAMIDA LAB, INC",FAYETTEVILLE,AR,72703,04D2182040,namidalab.com,https://namidalab.com/
REF,MERCY SPRINGDALE HOD,SPRINGDALE,AR,72762,04D2170189,mercy.net,https://www.mercy.net/
REF,CHI ST VINCENT MEDICAL CENTER,HOT SPRINGS,AR,71913,04D2121560,chistvincent.com,https://www.chistvincent.com/
REF,BAXTER HEALTH PAIN CLINIC,MOUNTAIN HOME,AR,72653,04D2086422,baxterhealth.org,https://www.baxterhealth.org/locations/interventional-pain-management-mh/
REF,PROTZEL PATHOLOGY LABORATORY,BEVERLY HILLS,CA,90212,05D0547058,ibegin.com,https://www.yelp.com/biz/protzel-pathology-laboratory-beverly-hills
REF,PRIVILEGE DX MEDICAL LABORATORIES INC,TOLUCA LAKE,CA,91602,05D0543719,whereorg.com,https://npidb.org/organizations/laboratories/clinical-medical-laboratory_291u00000x/1003369968.aspx
REF,UAMS HEALTH UROLOGY CLINIC,LITTLE ROCK,AR,72212,04D2277599,uamshealth.com,https://uamshealth.com/location/urology-clinic/
REF,"UROLOGY GROUP PC, THE",MARION,AR,72364,04D2270323,carecredit.com,https://www.carecredit.com/doctor-locator/marion-ar/the-urology-group-pc-792jkd/
REF,QUEST DIAGNOSTICS - FORT SMITH RRL,FORT SMITH,AR,72903,04D2226039,locations.questdiagnostics.com,https://locations.questdiagnostics.com/ar/fort-smith
REF,HERMES LABORATORIES,LITTLE ROCK,AR,72205,04D2296094,hermes-laboratories.com,https://hermes-laboratories.com/
REF,CONEJO DERMATOLOGY,THOUSAND OAKS,CA,91361,05D0559414,conejodermatology.com,https://conejodermatology.com/
REF,ARKANSAS ANATOMIC PATHOLOGY LABORATORY,BATESVILLE,AR,72501,04D2209627,allpractices.com,https://www.allpractices.com/9043/arkansas-anatomic-pathology
REF,"REPRODUCTIVE TECHNOLOGIES, INC/ THE SPERM",BERKELEY,CA,94704,05D0602416,thespermbankofca.org,https://www.thespermbankofca.org/
REF,SUN CLINICAL LABORATORIES,EL MONTE,CA,91731,05D0563772,sunclinicallaboratories.com,https://www.sunclinicallaboratories.com/
REF,"EQUALTOX, LLC",SANTA ANA,CA,92705,05D0602385,equaltox.com,https://equaltox.com/
REF,WEST DERMATOLOGY - MISSION VALLEY,SAN DIEGO,CA,92108,05D0569421,westdermatology.com,https://www.westdermatology.com/location/missionvalleysandiego/
REF,LABORATORY CORPORATION OF AMERICA,TUSTIN,CA,92780,05D0578685,locations.labcorp.com,https://locations.labcorp.com/ca/tustin/
REF,NAPA-SOLANO-YOLO-MARIN,FAIRFIELD,CA,94533,05D0601176,solanocounty.gov,https://www.solanocounty.gov/government/health-social-services-hss/solano-public-health/napa-solano-yolo-marin-public-health-laboratory-nsym-phl
REF,PLANNED PARENTHOOD MAR MONTE,SAN JOSE,CA,95126,05D0608282,plannedparenthood.org,https://www.plannedparenthood.org/planned-parenthood-mar-monte
REF,PSYCHEMEDICS CORPORATION,CULVER CITY,CA,90230,05D0642561,psychemedics.com,https://www.psychemedics.com/
REF,YOSEMITE PATHOLOGY MEDICAL GROUP INC,SACRAMENTO,CA,95826,05D0615570,yosemitepathology.com,https://ypmg.com/
REF,"ADVANCED BIOMEDICAL, INC",SANTA ANA,CA,92704,05D0580198,dayofdifference.org.au,https://dayofdifference.org.au/a-medical/advanced-biomedical-laboratory-ca.html
REF,MODOC MEDICAL CENTER,ALTURAS,CA,96101,05D0618592,modocmedicalcenter.org,https://modocmedicalcenter.org/
REF,BUTTE COUNTY HEALTH DEPT LABORATORY,CHICO,CA,95926,05D0617090,buttecounty.ca.gov,https://www.buttecounty.ca.gov/1558/Public-Health-Laboratory
REF,KERN COUNTY PUBLIC HEALTH LABORATORY,BAKERSFIELD,CA,93306,05D0643486,kernpublichealth.com,https://kernpublichealth.com/
REF,ORANGE COUNTY PUBLIC HEALTH,IRVINE,CA,92618,05D0643378,ochealthinfo.com,https://www.ochealthinfo.com/
REF,MONTEREY COUNTY PUBLIC HEALTH LABORATORY,SALINAS,CA,93906,05D0643589,countyofmonterey.gov,https://www.countyofmonterey.gov/government/departments-a-h/health/public-health/public-health-lab
REF,DR JACK S REMINGTON LAB,PALO ALTO,CA,94301,05D0643684,pamf.org,http://www.pamf.org/serology/
REF,FOUNDATION LABORATORY,POMONA,CA,91768,05D0642889,foundationlaboratory.com,https://foundationlaboratory.com/
REF,TULARE COUNTY HEALTH DEPT LABORATORY,TULARE,CA,93274,05D0667647,tchhsa.org,https://tchhsa.org/eng/public-health/public-health-laboratory/
REF,SAN JOAQUIN COUNTY PUBLIC HEALTH LAB,STOCKTON,CA,95205,05D0643989,sjcphs.org,https://sjcphs.org/programs-and-services/public-health-laboratory
REF,VIRAL & RICKETTSIAL DISEASE LABORATORY,RICHMOND,CA,94804,05D0643850,cdph.ca.gov,https://www.cdph.ca.gov/Programs/cls/idld/vrdl
REF,UNILAB CORP DBA QUEST DIAGNOSTICS,MERCED,CA,95341,05D0644027,locations.questdiagnostics.com,https://locations.questdiagnostics.com/ca/merced/240-east-13th-street
REF,UCD COCCIDIOIDOMYCOSIS SEROLOGY LAB,DAVIS,CA,95616,05D0644125,health.ucdavis.edu,https://health.ucdavis.edu/valley-fever/serology-lab/
REF,SONOMA COUNTY PUBLIC HEALTH LABORATORY,SANTA ROSA,CA,95404,05D0644064,sonomacounty.gov,https://sonomacounty.gov/health-and-human-services/health-services/divisions/public-health/public-health-regional-laboratory
REF,UNILAB CORP DBA QUEST DIAGNOSTICS,FRESNO,CA,93720,05D0664641,questdiagnostics.com,https://www.questdiagnostics.com/
REF,VENTURA COUNTY HEALTH DEPARTMENT LAB,OXNARD,CA,93036,05D0668137,hca.venturacounty.gov,https://hca.venturacounty.gov/public-health/ph-laboratory/
REF,LONG BEACH DEPARTMENT OF HEALTH,LONG BEACH,CA,90815,05D0688088,longbeach.gov,https://longbeach.gov/Health
REF,INTERNATIONAL MEDICAL LABORATORY,IRVINE,CA,92606,05D0692370,internationalmedicallab.com,https://www.internationalmedicallab.com/
REF,QUEST DIAGNOSTICS,BERKELEY,CA,94705,05D0670381,locations.questdiagnostics.com,https://locations.questdiagnostics.com/ca/berkeley
REF,IGENEX INC,MILPITAS,CA,95035,05D0643914,igenex.com,https://igenex.com/contact
REF,BERNARDO DERMATOLOGY MEDICAL GROUP,POWAY,CA,92064,05D0664519,bernardoderm.com,https://bernardoderm.com/
REF,YOSEMITE PATHOLOGY MEDICAL GROUP,MERCED,CA,95348,05D0644024,yosemitepathology.com,https://ypmg.com/
REF,MADERA COUNTY PUBLIC HEALTH LABORATORY,MADERA,CA,93638,05D0711439,maderacounty.com,https://www.maderacounty.com/government/public-health/laboratory
REF,"UNILAB CORPORATION, DBA QUEST DIAGNOSTICS",STOCKTON,CA,95207,05D0700053,locations.questdiagnostics.com,https://locations.questdiagnostics.com/ca/stockton
REF,"CORAZON C MEDINA, MD INC",ANAHEIM,CA,92801,05D0856340,npiviewer.com,https://npino.com/primary-clinic/1447309307-corazon-c-medina-md-inc/
REF,SANTA BARBARA COUNTY PUBLIC HEALTH LAB,SANTA BARBARA,CA,93110,05D0683431,countyofsb.org,https://www.countyofsb.org/1727/Public-Health-Lab
REF,SAN MATEO COUNTY PUBLIC HEALTH LAB,SAN MATEO,CA,94403,05D0857622,smchealth.org,https://www.smchealth.org/publichealthlab
REF,GENETIC DISEASE LABORATORY,RICHMOND,CA,94804,05D0862216,cdph.ca.gov,https://www.cdph.ca.gov/Programs/CFH/DGDS/Pages/gdl/default.aspx
REF,CALPATH MEDICAL ASSOCIATES,CAMPBELL,CA,95008,05D0858234,calpath.com,https://calpath.com/
REF,"LABORATORY MEDICINE CONSULTANTS, INC",BEVERLY HILLS,CA,90211,05D0876618,labmedinc.com,https://www.labmedinc.com/
REF,FERTILITY CENTER OF CALIFORNIA,SAN DIEGO,CA,92120,05D0883366,spermbankcalifornia.com,https://spermbankcalifornia.com/
REF,AW CYTOHISTOLOGY LABORATORY,BAKERSFIELD,CA,93301,05D0916538,vitadox.com,https://www.vitadox.com/practice/bakersfield-ca-93301/aw-cytohistology-lab/39GRYEv3mnhbf5L9iLV4MC
REF,"GENENTOX LABORATORIES, LLC",SANTA ANA,CA,92705,05D0871568,novadxlabs.com,https://novadxlabs.com/
REF,SHARP REES-STEALY CLINICS,LA MESA,CA,91942,05D0890455,sharp.com,https://www.sharp.com/locations/sharp-rees-stealy-la-mesa
REF,FERTILITY CENTER OF CALIFORNIA,TUSTIN,CA,92780,05D0883369,tustinfertilityctr.com,https://www.tustinfertilityctr.com/
REF,COUNTY OF SAN LUIS OBISPO,SAN LUIS OBISPO,CA,93401,05D0695770,slocounty.ca.gov,https://slocounty.ca.gov/
REF,CA DPH ENVIRONMENTAL HEALTH LABORATORY,RICHMOND,CA,94804,05D0882397,cdph.ca.gov,https://www.cdph.ca.gov/Programs/cls/dehl/ehl
REF,HUNTINGTON REPRODUCTIVE CENTER,NEWPORT BEACH,CA,92660,05D0921495,psjhmedgroups.org,https://www.psjhmedgroups.org/Print.aspx?Page=%2FFind-a-Doctor%2FF%2FJane-Leigh-Frederick-MD.aspx
REF,BIO PATH MEDICAL GROUP INC,FOUNTAIN VALLEY,CA,92708,05D0914742,bio-path.com,https://bio-path.com/
REF,OUTPATIENT BIOPSY CENTER,TEMPLE CITY,CA,91780,05D0943625,biopsycenter.org,https://www.biopsycenter.org/
REF,PASTEUR INC DBA SINAI LABS,VAN NUYS,CA,91406,05D0930353,sinailabs.com,https://sinailabs.com/
REF,ASSOCIATED PATHOLOGY MEDICAL GROUP INC,LOS GATOS,CA,95032,05D0712326,apmglab.com,https://apmglab.com/
REF,BIO-PATH MEDICAL GROUP INC,FOUNTAIN VALLEY,CA,92708,05D0974660,bio-path.com,https://bio-path.com/
REF,SHARP REES-STEALY CLINICS,CHULA VISTA,CA,91913,05D0986250,sharp.com,https://www.sharp.com/locations/sharp-rees-stealy-chula-vista
REF,DAVID J BARNETTE JR MD,CARLSBAD,CA,92011,05D0998312,scripps.org,https://www.scripps.org/physicians/5832-david-barnette
REF,SKIN CARE AND LASER PHYSICIANS OF BEVERLY HILL,WEST HOLLYWOOD,CA,90069,05D0968426,skincareandlaser.com,https://skincareandlaser.com/
REF,"CORE ANALYTICS LABORATORY, INC",VAN NUYS,CA,91411,05D0928967,corelabandxray.com,https://corelabandxray.com/
REF,"ALPHA CLINICAL LABORATORY, INC",BURBANK,CA,91504,05D0999149,alphaclinicallab.com,https://alphaclinicallab.com/
REF,21ST CENTURY DIAGNOSTIC LABORATORY,BURBANK,CA,91502,05D0956168,solvhealth.com,https://www.solvhealth.com/21st-century-diagnostic-laboratory-burbank-ca-AWjN5G
REF,"PARAKRAMA T CHANDRASOMA, MD A MED CORP",PASADENA,CA,91105,05D0939440,opengovus.com,https://medicaidspending.org/provider/1730173386
REF,"PATHCARE DIAGNOSTICS, INC",CORONA,CA,92881,05D1037342,pathcarefna.com,https://pathcarefna.com/
REF,SHARP REES-STEALY CLINICS LABORATORY-SAN DIEGO,SAN DIEGO,CA,92123,05D0966538,sharp.com,https://www.sharp.com/locations/sharp-rees-stealy-san-diego-laboratory
REF,"HRC FERTLITY MANAGEMENT, LLC",FOSTER CITY,CA,94404,05D0969849,havingbabies.com,https://havingbabies.com/foster-city/
REF,PENINSULA PATHOLOGISTS,SOUTH SAN FRANCISCO,CA,94080,05D1029487,peninsulapathologists.com,https://peninsulapathologists.com/
REF,"KIRSHMAN DIAGNOSTICS, INC",IRVINE,CA,92614,05D1037151,cleat.ai,https://doctor.webmd.com/practice/kirshman-diagnostics-incorporated-aa4112c9-4703-e211-a42b-001f29e3eb44
REF,"JULIE G DUQUETTE, MD, A MEDICAL CORPORATION",NEWPORT BEACH,CA,92660,05D1010850,nextmedonline.com,https://www.sharecare.com/find-a-doctor/group-profile/ca-california/newport-beach/julie-g-duquette-md-xbb7dt
REF,MICHELLE M ALGARIN MD INC,LAGUNA HILLS,CA,92653,05D1005582,lagunawoodsderm.com,https://www.lagunawoodsderm.com/
REF,DIGESTIVE CARE LABORATORY,SAN CARLOS,CA,94070,05D1000932,digestivecarecenter.com,https://www.digestivecarecenter.com/index.php/testing/
REF,PATHOLOGY ARTS INC,CORONA,CA,92879,05D1000595,pathologyarts.com,https://pathologyarts.com/
REF,COMPREHENSIVE DERMATOLOGY GROUP,ENCINITAS,CA,92024,05D1079755,comprehensivederm.com,https://comprehensivederm.com/
REF,LIFELINE MEDICAL LABORATORY INC,N HOLLYWOOD,CA,91601,05D1039663,vitadox.com,https://medicaidspending.org/provider/1083189088
REF,BHI DIAGNOSTICS,BEVERLY HILLS,CA,90211,05D1084596,dnatestingcenters.com,https://www.dnatestingcenters.com/centers/california/beverly-hills/bhi-diagnostics/
REF,SOUTH COUNTY KIDNEY & ENDOCRINE CENTER,LAGUNA HILLS,CA,92653,05D1040918,scke.org,https://scke.org/
REF,PLANNED PARENTHOOD,ANAHEIM,CA,92805,05D1042218,plannedparenthood.org,https://www.plannedparenthood.org/health-center/california/anaheim/92805/anaheim-health-center-2284-90160
REF,CENTER FOR RHEUMATOLOGY,LOS ANGELES,CA,90048,05D1086289,centerforrheumatology.com,https://centerforrheumatology.com/contact/
REF,"PHAMATECH, INC",SAN DIEGO,CA,92128,05D1078844,phamatech.com,https://phamatech.com/
REF,PLANNED PARENTHOOD LOS ANGELES,LONG BEACH,CA,90806,05D1049784,plannedparenthood.org,https://www.plannedparenthood.org/planned-parenthood-los-angeles
REF,"UNIVERSITY OF CALIFORNIA IRVINE,",IRVINE,CA,92697,05D1052619,uci.edu,https://uci.edu/
REF,"EAST SIDE PATHOLOGY ASSOCIATES MED GRP, INC",ROSEMEAD,CA,91770,05D1044051,npiindex.com,https://npiindex.com/npi/1184618878
REF,PRECISION ASPIRATION AND BIOPSY,LOS ANGELES,CA,90035,05D1064899,drnadelman.com,https://drnadelman.com/
REF,LABORATORY CORPORATION OF AMERICA,WALNUT CREEK,CA,94598,05D2003055,locations.labcorp.com,https://locations.labcorp.com/ca/walnut-creek/
REF,IRVINE PATHOLOGY MEDICAL GROUP INC,IRVINE,CA,92618,05D1090909,irvinepath.com,https://www.irvinepath.com/
REF,OMNIPATHOLOGY SOLUTIONS,PASADENA,CA,91105,05D1098267,omnipathology.com,https://omnipathology.com/
REF,"LAB GENOMICS, LLC",FOUNTAIN VALLEY,CA,92708,05D2026572,labgenomic.com,https://labgenomic.com/
REF,CANOPY BIOSCIENCES,HAYWARD,CA,94545,05D1106350,canopybiosciences.com,http://canopybiosciences.com/
REF,CALPATH MEDICAL ASSOCIATES,SAN JOSE,CA,95124,05D2033368,calpath.com,https://calpath.com/
REF,"GLOBAL DIAGNOSTIC LAB, INC",PASADENA,CA,91107,05D2038784,infogloballab.com,https://www.infogloballab.com/
REF,HUNTINGTON REPRODUCTIVE CENTER,CARLSBAD,CA,92011,05D2039121,havingbabies.com,https://havingbabies.com/
REF,Y & Z WESTWOOD SURGICAL PATHOLOGY,LOS ANGELES,CA,90024,05D2025143,uclahealth.org,https://npidb.org/organizations/laboratories/clinical-medical-laboratory_291u00000x/1790052256.aspx
REF,DELTA MEDICAL GROUP OF PATHOLOGISTS INC,LODI,CA,95240,05D2029285,deltapathology.com,https://www.deltapathology.com/
REF,VITAE DIAGNOSTICS,TORRANCE,CA,90503,05D2044828,vitaediagnostics.com,https://vitaediagnostics.com/
REF,MD TOX LABORATORY,IRVINE,CA,92614,05D2040304,startupwebsolutions.com.au,https://rocketreach.co/md-tox-laboratory-profile_b5f01ee9f6a0e304
REF,NAVJYOT GUJRAL MD,SANTA ANA,CA,92705,05D2072631,memorialcare.org,https://www.memorialcare.org/providers/navjyot-gujral
REF,SAN FRANCISCO DERMATOPATHOLOGY,DALY CITY,CA,94015,05D2069498,dermatopathologyinstitute.com,https://dermatopathologyinstitute.com/
REF,PATHKARE INC,SANTA ANA,CA,92705,05D2006188,pathkare.com,https://pathkare.com/
REF,NEWPORT HARBOR PATHOLOGY,NEWPORT BEACH,CA,92663,05D1100910,newpathlabs.com,https://newpathlabs.com/
REF,NEWPORT HARBOR PATHOLOGY,NEWPORT BEACH,CA,92663,05D2050266,newpathlabs.com,https://newpathlabs.com/
REF,SHARP REES - STEALY CLINICAL LABORATORY-FIR,SAN DIEGO,CA,92101,05D2056068,sharp.com,https://www.sharp.com/locations/sharp-rees-stealy-downtown-laboratory
REF,HUNTINGTON REPRODUCTIVE CENTER MEDICAL GROUP,RANCHO CUCAMONGA,CA,91730,05D2064026,havingbabies.com,https://www.havingbabies.com/locations/rancho-cucamonga/
REF,ORANGE COUNTY LABS INC,HUNTINGTON BEACH,CA,92647,05D2068755,orangecountylabs.com,https://orangecountylabs.com/
REF,SAN DIEGO FAMILY DERMATOLOGY,POWAY,CA,92064,05D2060295,sdfamilyderm.com,https://sdfamilyderm.com/poway
REF,ALAMEDA COUNTY PUBLIC HEALTH,OAKLAND,CA,94605,05D2090025,health.alamedacountyca.gov,https://health.alamedacountyca.gov/
REF,HELIX MOBILE WELLNESS,SAN FRANCISCO,CA,94102,05D2103632,helixmwr.com,https://helixmwr.com/
REF,"OMNIA DIAGNOSTIC LABORATORY, LLC",TORRANCE,CA,90502,05D2096883,omniadxlab.com,https://npidb.org/organizations/laboratories/clinical-medical-laboratory_291u00000x/1821966714.aspx
REF,CSI MEDICAL GROUP,LA CANADA FLINTRIDGE,CA,91011,05D2069464,orthocsi.com,https://orthocsi.com/new-index-1
REF,"LINO J DEGUZMAN, MD PC LABORATORY",NEWPORT BEACH,CA,92663,05D2098715,drdeguzman.com,https://www.drdeguzman.com/
REF,BACH MEDICAL GROUP,IRVINE,CA,92614,05D2101629,bachdx.com,https://bachdx.com/
REF,INDIVIDX,RANCHO CUCAMONGA,CA,91730,05D2096856,individx.com,https://www.individx.com/
REF,SPECIALIZED UNIVERSITY PATHOLOGISTS,DUARTE,CA,91010,05D2115860,pathmdlabs.com,https://www.bbb.org/us/ca/los-angeles/profile/medical-doctor/specialized-university-pathologists-1216-1000042147
REF,IRVINE PATHOLOGY MEDICAL GROUP INC,FOOTHILL RANCH,CA,92610,05D2102456,irvinepath.com,https://www.irvinepath.com/
REF,"SCHWALB CONSULTING, LLC DBA JIT LABS",IRVINE,CA,92618,05D2124530,jit-labs.com,https://jit-labs.com/
REF,HOAG CANCER CENTER IRVINE,IRVINE,CA,92618,05D2097962,hoag.org,https://www.hoag.org/locations/hoag-cancer-center-irvine/
REF,ORANGE COUNTY SKINLAB,SAN JUAN CAPISTRANO,CA,92675,05D2107293,ocskinlab.com,https://ocskinlab.com/
REF,CSI MEDICAL GROUP PC,CAMARILLO,CA,93010,05D2118106,opengovus.com,https://ourhealthnetwork.com/group-practice/csi-medical-group-camarillo-ca-5890916845
REF,"CA DEPT OF PUBLIC HEALTH, DRINKING WATER &",RICHMOND,CA,94804,05D2112676,cdph.ca.gov,https://www.cdph.ca.gov/
REF,TORAY MOLECULAR ONCOLOGY LABORATORY,BRISBANE,CA,94005,05D2130372,qimrberghofer.edu.au,https://www.qimrberghofer.edu.au/researchers-and-labs/functional-cancer-genomics
REF,ATCG LABORATORY,IRVINE,CA,92614,05D2104354,atcglaboratory.com,https://atcglaboratory.com/
REF,GENOMIC TESTING COOPERATIVE,VALLEY CENTER,CA,92082,05D2129017,genomictestingcooperative.com,https://genomictestingcooperative.com/
REF,SKIN AND BEAUTY CENTER LAB,BURBANK,CA,91505,05D2144307,dermla.com,https://www.dermla.com/locations/burbank/
REF,YOSEMITE PATHOLOGY MEDICAL GROUP INC,MODESTO,CA,95356,05D2146088,,https://ypmg.com/
REF,ALL SOUTH BAY FOOTCARE PODIATRY GROUP INC,TORRANCE,CA,90505,05D2128423,allsouthbayfootcare.com,https://www.allsouthbayfootcare.com/
REF,"USA BIOSCIENCES, LLC",LOMITA,CA,90717,05D2147767,usabioscienceslab.com,https://usabioscienceslab.com/
REF,WESTERN PATHOLOGY INC.,SANTA BARBARA,CA,93110,05D2163759,westernpathologyinc.com,https://westernpathologyinc.com/
REF,SUNRISE DIAGNOSTICS LABORATORIES INC,MONTROSE,CA,91020,05D2166864,sunlab8.com,https://sunlab8.com/new/
REF,NEOANALYTICS LABORATORY,ALHAMBRA,CA,91801,05D2153457,neoanalyticslab.com,https://www.neoanalyticslab.com/
REF,"NEW WORLD CLINICAL LABORATORY, INC",LOS ALAMITOS,CA,90720,05D2145018,opengovus.com,https://opennpi.com/provider/1013403070
REF,DYNACARE DIAGNOSTIC,CLOVIS,CA,93611,05D2167092,dynacarelab.com,https://dynacarelab.com/
REF,SHARP REES STEALY CLINICS,SAN DIEGO,CA,92123,05D2167404,sharp.com,https://www.sharp.com/locations/sharp-rees-stealy-san-diego
REF,"ALTERA LABORATORY SERVICES, LLC",SANTA ANA,CA,92705,05D2154950,patients.alterabiolab.com,https://patients.alterabiolab.com/
REF,PRECISION PATHOLOGY MEDICAL GROUP INC,PLEASANTON,CA,94588,05D2169457,labprospects.com,https://www.labprospects.com/CLIA/05D2169457
REF,INNOVATIVE PATHOLOGY MEDICAL GROUP,TORRANCE,CA,90503,05D2180074,innovativepathology.com,https://www.innovativepathology.com/
REF,STEMEXPRESS,FOLSOM,CA,95630,05D2181681,visualvisitor.com,https://www.visualvisitor.com/companies/315007/stemexpress
REF,SC HEALTH LABS,IRVINE,CA,92618,05D2141585,schealthlabs.com,https://schealthlabs.com/
REF,ASTERIA LABORATORY,LOS ANGELES,CA,90048,05D2174365,astranahealth.com,https://www.astranahealth.com/laboratory/
REF,ALEXANIAN MEDICAL LABORATORIES,AGOURA HILLS,CA,91301,05D2189712,bizprofile.net,https://www.bizprofile.net/ca/agoura-hills/alexanian-medical-consulting-inc
REF,NATIONAL DIAGNOSTIC LABORATORY,SHERMAN OAKS,CA,91423,05D2182441,nationaldiagnostics.com,https://www.nationaldiagnostics.com/
REF,"MAGIC OWL LABORATORIES, INC",MONROVIA,CA,91016,05D2207606,magicowllabs.com,https://magicowllabs.com/
REF,"WESTERN PATHOLOGY, INC",IRVINE,CA,92618,05D2227171,westernpathologyinc.com,https://westernpathologyinc.com/
REF,"CARIS MPI, INC DBA CARIS LIFE SCIENCES",LA JOLLA,CA,92037,05D2191611,carislifesciences.com,https://carislifesciences.com/
REF,UNIVERSITY DERMATOPATHOLOGY,BURBANK,CA,91505,05D2174490,dermpathonline.com,https://npiprofile.com/npi/1376062141/record
REF,MEDUSA PATHOLOGY INC,NAPA,CA,94559,05D2207793,medusapath.com,https://medusapath.com/
REF,"CSL PLASMA, INC",RIVERSIDE,CA,92507,05D2211703,cslplasma.com,https://www.cslplasma.com/center/299
REF,"CARIS MPI, INC",SAN JUAN CAPISTRANO,CA,92675,05D2214363,carislifesciences.com,https://linkedin.com/company/caris-mpi-inc.
REF,"CARIS MPI, INC",IRVINE,CA,92618,05D2216638,carismpi.com,https://www.carismpi.com/
REF,EIV DIAGNOSTICS,FRESNO,CA,93710,05D2181132,eivdiagnostics.com,https://eivdiagnostics.com/
REF,SHARP REES STEALY CLINICS LABORATORY-SANTEE,SANTEE,CA,92071,05D2200574,sharp.com,https://www.sharp.com/locations/sharp-rees-stealy-santee-laboratory
REF,BIOLIFE PLASMA SERVICES LP,RIALTO,CA,92376,05D2217418,biolifeplasma.com,https://www.biolifeplasma.com/locations/california/rialto
REF,PALM VALLEY MULTI-SPECIALTY MEDICAL GROUP PC,PALM DESERT,CA,92260,05D2216642,findseniormed.com,https://data.cms.gov/tools/medicare-revalidation-list/provider/O20240220003822
REF,DOCTORNOW,NORTHRIDGE,CA,91324,05D2212012,vitadox.com,https://www.vitadox.com/practice/northridge-northridge-ca-91324/doctornow/tKHXEnViY66BbCVz6rE8pc
REF,NEOM DIAGNOSTIC LABORATORIES,TORRANCE,CA,90501,05D2245218,neomdiagnostic.com,https://neomdiagnostic.com/
REF,"ALTA DIAGNOSTIC LABORATORIES, INC",ALTADENA,CA,91001,05D2234621,altalab.net,https://altalab.net/
REF,"SOUTH WEST SCIENCE LABS, LLC",COSTA MESA,CA,92626,05D2244551,npiindex.com,https://opennpi.com/provider/1093449936
REF,BIOLIFE PLASMA SERVICES LP,POMONA,CA,91766,05D2232344,biolifeplasma.com,https://www.biolifeplasma.com/locations/california/pomona
REF,"CARIS MPI, INC",IRVINE,CA,92604,05D2216872,carismpi.com,https://www.carismpi.com/
REF,BIOLIFE PLASMA SERVICES LP,SAN MARCOS,CA,92069,05D2242005,biolifeplasma.com,https://www.biolifeplasma.com/locations/california/san-marcos
REF,NEOGENOMICS LABORATORIES INC,FRESNO,CA,93720,05D2265860,neogenomics.com,https://neogenomics.com/
REF,BIOLIFE PLASMA SERVICES LP,VISALIA,CA,93277,05D2255703,biolifeplasma.com,https://www.biolifeplasma.com/locations/california/visalia
REF,BIOLIFE PLASMA SERVICES LP,VISTA,CA,92081,05D2242431,biolifeplasma.com,https://www.biolifeplasma.com/locations/california/vista
REF,YOSEMITE PATHOLOGY MEDICAL GROUP INC,VISALIA,CA,93291,05D2265005,yosemitepathology.com,https://ypmg.com/
REF,SPECTRUM MOLECULAR DIAGNOSTICS LABORATORY,RANCHO SANTA MARGARITA,CA,92688,05D2232585,spectrumdxlabs.com,https://spectrumdxlabs.com/
REF,SUTTER BAY MEDICAL FOUNDATION-,SUNNYVALE,CA,94086,05D2270378,sutterhealth.org,https://www.sutterhealth.org/find-location/facility/sunnyvale-center-301
REF,"LIFEQUEST DIAGNOSTIC, INC",ANAHEIM,CA,92801,05D2274138,lifequestdiagnostics.com,https://www.lifequestdiagnostics.com/
REF,SONIC DIAGNOSTIC LABORATORY INC,CHATSWORTH,CA,91311,05D2275785,network.doctor2me.com,https://network.doctor2me.com/provider/sonic-diagnostic-laboratory/
REF,DIALOGIX LABORATORIES,REDLANDS,CA,92373,05D2262146,dialogixlab.com,https://www.dialogixlab.com/contact
REF,"MAMMOTH PATH SOLUTION, LLC",LAKE FOREST,CA,92630,05D2291536,mammothpathsolution.com,https://mammothpathsolution.com/
REF,BIOLIFE PLASMA SERVICES LP,RIVERSIDE,CA,92504,05D2226164,biolifeplasma.com,https://www.biolifeplasma.com/locations/california/riverside
REF,PROLACTA BIOSCIENCE INC,DUARTE,CA,91010,05D2307605,prolacta.com,https://www.prolacta.com/en/
REF,TPMG REGIONAL GENOMICS LABORATORY,SAN JOSE,CA,95138,05D2296234,healthy.kaiserpermanente.org,https://www.hipaaspace.com/medical_billing/coding/clinical_laboratory_improvement_amendments/codes/clia_05d2298567.aspx
REF,CORTEX LAB INC,VAN NUYS,CA,91404,05D2310314,labprospects.com,https://npidb.org/organizations/laboratories/clinical-medical-laboratory_291u00000x/1295569713.aspx
REF,THRIVELAB LLC,LAGUNA HILLS,CA,92653,05D2304140,thrivelab.com,https://thrivelab.com/
REF,FULGENT THERAPEUTICS LLC,IRVINE,CA,92606,05D2294994,fulgent-therapeutics.com,https://fulgent-therapeutics.com/
REF,OCEANSIDE DIAGNOSTICS LLC,OCEANSIDE,CA,92054,05D2318147,oceansidediagnostics.com,https://oceansidediagnostics.com/
REF,PACIFIC PATHOLOGY DIAGNOSTICS LABORATORY,CAMPBELL,CA,95008,05D2319483,pdllabs.com,https://www.pdllabs.com/
REF,PLATINUM DIGESTIVE HEALTH,RANCHO CUCAMONGA,CA,91730,05D2295343,pdhgi.com,https://pdhgi.com/
REF,RAPID PAX LASB INC,NORTH HOLLYWOOD,CA,91606,05D2290384,bizprofile.net,https://npidb.org/organizations/laboratories/clinical-medical-laboratory_291u00000x/1548032907.aspx
REF,"INFORM DIAGNOSTICS, INC",OCEANSIDE,CA,92057,05D2313265,informdx.com,https://informdx.com/
REF,"COHEN DERMATOPATHOLOGY, PC DBA INFORM DIAGNOSTICS",PALM DESERT,CA,92211,05D2324729,informdx.com,https://informdx.com/
REF,COLORADO DEPT OF PUBLIC HEALTH & ENVIRONMENT,DENVER,CO,80230,06D0644326,cdphe.colorado.gov,https://cdphe.colorado.gov/
REF,HEALTH CENTER AT AURARIA,DENVER,CO,80217,06D0672142,healthcenter1.com,https://healthcenter1.com/
REF,TAMARAC MEDICAL INC,CENTENNIAL,CO,80122,06D0899927,tamaracmedical.com,https://tamaracmedical.com/
REF,COLORADO ANTIVIRAL PHARMACOLOGY LABORATORY,AURORA,CO,80045,06D1094710,pharmacy.cuanschutz.edu,https://pharmacy.cuanschutz.edu/research/research-labs/colorado-antiviral-pharmacology-lab
REF,"BIOLIFE PLASMA SERVICES, LP",LOVELAND,CO,80538,06D2082523,biolifeplasma.com,https://www.biolifeplasma.com/locations/colorado/loveland
REF,"BIOLIFE PLASMA SERVICES, LP",COLORADO SPRINGS,CO,80923,06D2117010,biolifeplasma.com,https://www.biolifeplasma.com/locations/colorado/colorado-springs
REF,ROCKY MOUNTAIN LABORATORY,FORT COLLINS,CO,80525,06D2150068,rockymountainlabs.com,https://rockymountainlabs.com/
REF,"CSL PLASMA, INC",EVANS,CO,80620,06D0862933,cslplasma.com,https://www.cslplasma.com/center/615
REF,"STATLAB DIAGNOSTICS, LLC",DENVER,CO,80211,06D2200475,statlabdiagnostics.com,https://statlabdiagnostics.com/about-statlab-diagnostics/blogs/page/4/
REF,COMMONSPIRIT EMERGENCY & URGENT CARE LAKEWOOD,LAKEWOOD,CO,80227,06D2124408,mountain.commonspirit.org,https://www.mountain.commonspirit.org/location/commonspirit-emergency-urgent-care-lakewood
REF,COMMONSPIRIT EMERGENCY AND URGENT CARE,DACONO,CO,80514,06D2112697,mountain.commonspirit.org,https://www.mountain.commonspirit.org/location/commonspirit-emergency-urgent-care-indian-peaks
REF,DENVER DERMATOPATHOLOGY LLC,DENVER,CO,80205,06D2231652,medschool.cuanschutz.edu,https://medschool.cuanschutz.edu/dermatology/patient-care/dermatopathology
REF,LABORATORY CORPORATION OF AMERICA,BOULDER,CO,80304,06D2211550,labcorp.com,https://www.labcorp.com/patients
REF,"CSL PLASMA, INC",COLORADO SPRINGS,CO,80918,06D2173388,cslplasma.com,https://www.cslplasma.com/center/277
REF,ST MARY'S REGIONAL HOSPITAL - AMBULANCE SERVICE,GRAND JUNCTION,CO,81501,06D2099015,stmarygj.org,http://stmarygj.org/
REF,"PATHOLOGY SERVICES, PC",DURANGO,CO,81301,06D2246685,pathologyservices.com,https://pathologyservices.com/about/
REF,INTEGRATED MOLECULAR DIAGNOSTICS PATHOLOGY,AURORA,CO,80045,06D2091162,imdpath.com,https://imdpath.com/
REF,PEAK CLINICAL DIAGNOSTICS LLC,AURORA,CO,80014,06D2267171,peakclinicaldiagnostics.com,https://www.peakclinicaldiagnostics.com/
REF,"CSL PLASMA, INC - NORTHGLENN",NORTHGLENN,CO,80233,06D2093240,cslplasma.com,https://www.cslplasma.com/
REF,INGERLISA MATTOCH MD INC DBA TIAGA PATHOLOGY,LOVELAND,CO,80538,06D2284295,tiagapathlab.com,https://tiagapathlab.com/
REF,"SALIENT DIAGNOSTICS, LLC",DENVER,CO,80216,06D2303146,salientdx.com,https://www.salientdx.com/
REF,BIOLIFE PLASMA SERVICES LP,THORNTON,CO,80229,06D2299172,biolifeplasma.com,https://www.biolifeplasma.com/locations/colorado/thornton
REF,"QUEST DIAGNOSTICS, LLC",WALLINGFORD,CT,06492,07D0093126,locations.questdiagnostics.com,https://locations.questdiagnostics.com/ct/wallingford
REF,QUEST DIAGNOSTICS,NEW HAVEN,CT,06513,07D0095979,locations.questdiagnostics.com,https://locations.questdiagnostics.com/ct/new-haven
REF,EAGLE COUNTY PARAMEDIC SERVICES,EDWARDS,CO,81632,06D2294981,eaglecountyparamedics.com,https://eaglecountyparamedics.com/
REF,MOLECULAR DIAGNOSTIC LABORATORY LLC,WALLINGFORD,CT,06492,07D0993149,,https://opennpi.com/provider/1730292822
REF,GH BENDHEIM LABORATORY,GREENWICH,CT,06830,07D0694769,greenwichhospital.org,https://www.greenwichhospital.org/services/laboratory-services
REF,DR KATHERINE A KELLEY STATE PUBLIC HEALTH LAB,ROCKY HILL,CT,06067,07D0644555,portal.ct.gov,https://portal.ct.gov/dph/laboratory/laboratory-home/katherine-a-kelley-state-public-health-laboratory
REF,SAINT MARY'S HOSPITAL ONCOLOGY CENTER,WATERBURY,CT,06708,07D0899809,trinityhealthofne.org,https://www.trinityhealthofne.org/location/saint-mary-s-hospital-oncology-center
REF,DERMATOPATHOLOGY LABORATORY OF NEW ENGLAND PC,MERIDEN,CT,06450,07D0902738,dermpathlabne.com,https://dermpathlabne.com/
REF,OBGYN GROUP OF EASTERN CT PC,SOUTH WINDSOR,CT,06074,07D0677759,obgyneasternct.com,https://obgyneasternct.com/
REF,PFIZER PHARMACOGENOMICS LAB,GROTON,CT,06340,07D1105829,pfizer.com,https://www.pfizer.com/groton-connecticut
REF,CENTER FOR ADVANCED REPRODUCTIVE SERVICES,HARTFORD,CT,06106,07D0723063,uconnfertility.com,https://uconnfertility.com/
REF,QUEST DIAGNOSTICS LLC,WETHERSFIELD,CT,06109,07D0959690,locations.questdiagnostics.com,https://locations.questdiagnostics.com/ct/wethersfield
REF,QUEST DIAGNOSTICS LLC,CHESHIRE,CT,06410,07D1068226,locations.questdiagnostics.com,https://locations.questdiagnostics.com/ct/cheshire
REF,QUEST DIAGNOSTICS LLC,HAMDEN,CT,06518,07D0098549,locations.questdiagnostics.com,https://locations.questdiagnostics.com/ct/hamden
REF,CT GI LABORATORY POWERED BY,WETHERSFIELD,CT,06109,07D2065321,connecticutgi.org,https://connecticutgi.org/
REF,"ACCU REFERENCE MEDICAL LAB, LLC",EAST HARTFORD,CT,06108,07D2062566,accureference.com,https://accureference.com/
REF,"MILFORD MOLECULAR DIAGNOSTICS, LLC",MILFORD,CT,06460,07D2067401,dnalymetest.com,http://www.dnalymetest.com/
REF,QUEST DIAGNOSTICS LLC,OLD SAYBROOK,CT,06475,07D2094238,locations.questdiagnostics.com,https://locations.questdiagnostics.com/ct/old-saybrook
REF,QUEST DIAGNOSTICS LLC,AVON,CT,06001,07D2107880,locations.questdiagnostics.com,https://locations.questdiagnostics.com/ct/avon
REF,QUEST DIAGNOSTICS,NORWICH,CT,06360,07D2058038,locations.questdiagnostics.com,https://locations.questdiagnostics.com/ct/norwich
REF,QUEST DIAGNOSTICS LLC,ENFIELD,CT,06082,07D2107878,locations.questdiagnostics.com,https://locations.questdiagnostics.com/ct/enfield
REF,QUEST DIAGNOSTICS,BLOOMFIELD,CT,06002,07D2107888,locations.questdiagnostics.com,https://locations.questdiagnostics.com/ct/bloomfield
REF,QUEST DIAGNOSTICS LLC,WEST HAVEN,CT,06516,07D2108221,locations.questdiagnostics.com,https://locations.questdiagnostics.com/ct/west-haven
REF,QUEST DIAGNOSTICS,SOUTHBURY,CT,06488,07D2107882,locations.questdiagnostics.com,https://locations.questdiagnostics.com/ct/southbury
REF,"PRECISION TOXICOLOGY, LLC",WEST HARTFORD,CT,06119,07D2093663,precisiontoxicology.com,http://www.precisiontoxicology.com/
REF,YALE DERMATOLOGY-BRANFORD,BRANFORD,CT,06405,07D2112485,yalemedicine.org,https://www.yalemedicine.org/specialists/ian-odell
REF,QUEST DIAGNOSTICS,WALLINGFORD,CT,06492,07D2133460,locations.questdiagnostics.com,https://locations.questdiagnostics.com/ct/wallingford
REF,QUEST DIAGNOSTICS LLC,BRIDGEPORT,CT,06606,07D2133457,locations.questdiagnostics.com,https://locations.questdiagnostics.com/ct/bridgeport
REF,LABORATORY CORPORATION OF AMERICA HOLDINGS,GREENWICH,CT,06831,07D2169459,locations.labcorp.com,https://locations.labcorp.com/ct/greenwich/
REF,ADVANCED GENETICS LAB,MONROE,CT,06468,07D2147777,advancedgeneticslab.com,https://advancedgeneticslab.com/
REF,QUEST DIAGNOSTICS LLC,MILFORD,CT,06460,07D2133458,locations.questdiagnostics.com,https://locations.questdiagnostics.com/ct/milford
REF,QUEST DIAGNOSTICS,NEW BRITAIN,CT,06053,07D2108223,locations.questdiagnostics.com,https://locations.questdiagnostics.com/ct/new-britain
REF,GENCO LABS LLC,BRANFORD,CT,06405,07D2172174,gencolabs.com,https://gencolabs.com/
REF,QUEST DIAGNOSTICS LLC,SOUTHINGTON,CT,06489,07D2174117,locations.questdiagnostics.com,https://locations.questdiagnostics.com/ct/southington
REF,QUEST DIAGNOSTICS LLC,WEST HARTFORD,CT,06107,07D2174115,locations.questdiagnostics.com,https://locations.questdiagnostics.com/ct/west-hartford/970-farmington-ave
REF,LABORATORY CORPORATION OF AMERICA HOLDINGS,STAMFORD,CT,06905,07D2170095,locations.labcorp.com,https://locations.labcorp.com/ct/stamford/22865/
REF,QUEST DIAGNOSTICS LLC,WINDSOR,CT,06095,07D2175391,locations.questdiagnostics.com,https://locations.questdiagnostics.com/ct/windsor
REF,QUEST DIAGNOSTICS LLC,MANCHESTER,CT,06042,07D2175400,locations.questdiagnostics.com,https://locations.questdiagnostics.com/ct/manchester
REF,"EAST SIDE CLINICAL LABORATORY, INC",NORWICH,CT,06360,07D2164116,eastsidelab.com,https://eastsidelab.com/
REF,LABORATORY CORPORATION OF AMERICA HOLDINGS,DANBURY,CT,06810,07D2169461,labcorp.com,https://labcorp.com/
REF,LABORATORY FOR DNA-GUIDED MEDICINE,HARTFORD,CT,06106,07D2160761,dnaguidance.com,https://dnaguidance.com/
REF,DIANON SYSTEMS INC,WOODBRIDGE,CT,06525,07D2283699,dianon.com,https://www.dianon.com/
REF,LABORATORY CORPORATION OF AMERICA,NEW CASTLE,DE,19720,08D0205715,locations.labcorp.com,https://locations.labcorp.com/de/new-castle/
REF,LABORATORY CORPORATION OF AMERICA HOLDINGS,ROCKY HILL,CT,06067,07D2279329,locations.labcorp.com,https://locations.labcorp.com/ct/rocky-hill/
REF,GREEN CLINICS LABORATORY,DOVER,DE,19901,08D2099470,greenclinics.net,https://www.greenclinics.net/index.php
REF,"QPS, LLC",NEWARK,DE,19711,08D0995854,qps.com,https://qps.com/
REF,ECPC-C WALLACE HOME,AVON,CT,06001,07D2316952,wallacedesigncenter.com,https://wallacedesigncenter.com/
REF,"CSL PLASMA, INC",NEWARK,DE,19713,08D2178548,cslplasma.com,https://www.cslplasma.com/center/213
REF,LABORATORY CORPORATION OF AMERICA HOLDINGS,SOUTHINGTON,CT,06489,07D2315426,labcorp.com,https://labcorp.com/
REF,"CTM MEDICAL ASSOCIATES, LLC",MILLSBORO,DE,19966,08D2101683,,https://opennpi.com/provider/1336637792
REF,DELAWARE PUBLIC HEALTH LABORATORY,SMYRNA,DE,19977,08D0662985,dhss.delaware.gov,https://dhss.delaware.gov/dhss/dph/lab/labs.html
REF,SUNWISE FAMILY DERMATOLOGY AND SURGERY,MIDDLETOWN,DE,19709,08D2137936,sunwisederm.com,https://sunwisederm.com/
REF,B & W STAT LABORATORY,WASHINGTON,DC,20010,09D0208053,bwstatlab.com,https://bwstatlab.com/
REF,"INCENDIUM, LLC",DOVER,DE,19901,08D1091063,practicecrown.com,https://practicecrown.com/biz/incendium-llc-lewes-DE-19958-U-5650687
REF,RSM DIAGNOSTICS LAB LLC,WILMINGTON,DE,19810,08D2253750,rsmdiagnosticslab.com,https://www.rsmdiagnosticslab.com/
REF,LABORATORY CORPORATION OF AMERICA HOLDINGS,EAST HAVEN,CT,06512,07D2327629,labcorp.com,https://www.labcorp.com/
REF,GEORGETOWN DERMPATH,WASHINGTON,DC,20016,09D1092155,georgetowndermpath.com,https://www.georgetowndermpath.com/
REF,EPIARX CONCIERGE PLLC,WASHINGTON,DC,20016,09D2177481,epiarx.com,https://www.epiarx.com/
REF,QUANTUM HEALTH DIAGNOSTICS,PENSACOLA,FL,32503,10D0270905,pathology-group.com,https://www.pathology-group.com/
REF,FLORIDA DEPARTMENT OF HEALTH IN MIAMI DADE COUNTY,MIAMI,FL,33125,10D0024196,miamidade.floridahealth.gov,https://miamidade.floridahealth.gov/
REF,CELL SCIENCE SYSTEMS CORPORATION,DEERFIELD BEACH,FL,33442,10D0283906,cellsciencesystems.com,https://cellsciencesystems.com/
REF,FINLAY CLINICAL LABORATORY INC,MIAMI,FL,33135,10D0280554,finlaylab.com,https://finlaylab.com/
REF,IMMUNO LABORATORIES INC,FORT LAUDERDALE,FL,33309,10D0284781,immunolabs.com,https://immunolabs.com/
REF,BERNHARDT LABORATORIES,JACKSONVILLE,FL,32207,10D0645099,bernhardtlabs.com,https://bernhardtlabs.com/
REF,FL DEPT OF HEALTH BUREAU OF PUBLIC HEALTH,TAMPA,FL,33612,10D0645546,floridahealth.gov,https://floridahealth.gov/programs-and-services/public-health-laboratories/index.html
REF,LIFELINK FOUNDATION INC D/B/A,TAMPA,FL,33619,10D0645555,lifelinkfound.org,http://lifelinkfound.org/
REF,ST JOHNS BIOMEDICAL LABORATORIES INC,SAINT AUGUSTINE,FL,32086,10D0645082,staugustinehealth.com,https://staugustinehealth.com/dir/laboratories
REF,UMDC DERMATOPATHOLOGY LABORATORY,MIAMI,FL,33136,10D0692983,med.miami.edu,https://med.miami.edu/departments/dermatology/divisions-and-programs/dermatopathology/team
REF,PALM BEACH COUNTY HEALTH DEPARTMENT-LABORATORY,WEST PALM BEACH,FL,33407,10D0683133,palmbeach.floridahealth.gov,https://palmbeach.floridahealth.gov/
REF,FL DOH - BPHL,JACKSONVILLE,FL,32202,10D0645095,floridahealth.gov,https://floridahealth.gov/programs-and-services/public-health-laboratories/index.html
REF,INSIGHT DIAGNOSTICS LLC,LEWES,DE,19958,08D2318627,insightdxs.com,https://insightdxs.com/
REF,BIOLIFE PLASMA SERVICES LP,LAKELAND,FL,33813,10D0663652,biolifeplasma.com,https://www.biolifeplasma.com/locations/florida/lakeland
REF,"FDOH, BUREAU OF PUBLIC HEALTH LABORATORIES - MIAMI",MIAMI,FL,33125,10D0645348,floridahealth.gov,https://floridahealth.gov/programs-and-services/public-health-laboratories/index.html
REF,CSL PLASMA INC,PENSACOLA,FL,32503,10D0862924,cslplasma.com,https://www.cslplasma.com/center/623
REF,PATHOLOGY ASSOCIATES,PANAMA CITY,FL,32405,10D0885189,baypathologyassociates.com,https://baypathologyassociates.com/
REF,PLANNED PARENTHOOD OF FLORIDA INC,WEST PALM BEACH,FL,33409,10D0722304,ppfl.org,http://www.ppfl.org/
REF,PLANNED PARENTHOOD OF FLORIDA,ORLANDO,FL,32817,10D0899197,plannedparenthood.org,https://www.plannedparenthood.org/health-center/florida/orlando/32817/orlando-health-center-2857-90320
REF,MICRO PATH LABORATORIES INC,WINTER HAVEN,FL,33881,10D0939339,micropathlabs.com,https://micropathlabs.com/
REF,RUFFOLO HOOPER & ASSOCIATES MD PA,TAMPA,FL,33634,10D1012566,rha-pa.com,https://rha-pa.com/
REF,BIO-TECH CLINICAL LABORATORIES INC,DORAL,FL,33172,10D0965332,biotechclinicallab.com,https://biotechclinicallab.com/
REF,"REPRODUCTIVE MEDICINE GROUP LLC, THE",CLEARWATER,FL,33761,10D0924394,floridafertility.com,https://www.floridafertility.com/our-fertility-clinics/clearwater
REF,"REPRODUCTIVE MEDICINE GROUP LLC, THE",TAMPA,FL,33609,10D0924393,floridafertility.com,https://floridafertility.com/
REF,"REPRODUCTIVE MEDICINE GROUP LLC, THE",BRANDON,FL,33511,10D0989448,floridafertility.com,https://www.floridafertility.com/our-fertility-clinics/brandon
REF,ROBERT A NORMAN DO PA,TAMPA,FL,33626,10D0908280,drrobertnorman.com,https://www.drrobertnorman.com/
REF,BOCA RATON DERMATOLOGY PA,DELRAY BEACH,FL,33484,10D0990498,bocaratonderm.com,https://bocaratonderm.com/
REF,FORT MYERS DERMATOPATHOLOGY PA,FORT MYERS,FL,33907,10D1012626,,https://linkedin.com/company/fort-myers-dermatopathology-pa
REF,RELIANCE PATHOLOGY PARTNERS LLC,BRANDON,FL,33511,10D1038878,reliancepathology.com,https://reliancepathology.com/
REF,SHORELINE UROCARE PL,BROOKSVILLE,FL,34613,10D0868528,shorelineuro.com,https://shorelineuro.com/
REF,OXFORD BIOMEDICAL TECHNOLOGIES INC,RIVIERA BEACH,FL,33404,10D0914874,nowleap.com,https://www.nowleap.com/
REF,AMERIPATH FLORIDA LLC,CORAL SPRINGS,FL,33071,10D1040841,ameripath.com,https://ameripath.com/
REF,UNITED LABORATORY SERVICES CORP,MIAMI,FL,33155,10D1044073,unitedlabservice.com,https://unitedlabservice.com/
REF,AMERIPATH FLORIDA LLC,FORT MYERS,FL,33907,10D1041409,ameripath.com,https://ameripath.com/
REF,IBIS HEALTHCARE INC,TAMPA,FL,33605,10D1053861,ibishealthcare.org,https://ibishealthcare.org/contact-us/
REF,I PATHOLOGY LLC,LAKELAND,FL,33815,10D1079616,ipathlifesciences.com,https://www.ipathlifesciences.com/
REF,"DERMATOLOGY GROUP OF FLORIDA, PA",KEY LARGO,FL,33037,10D1077527,khouridermatology.com,https://npidb.org/organizations/allopathic_osteopathic_physicians/dermatology_207n00000x/1801692801.aspx
REF,MORGAN DERMPATH LABS INC,JUPITER,FL,33458,10D1074257,drgalen.org,https://search.sunbiz.org/Inquiry/CorporationSearch/SearchResults?Detail=FL.DOS.Corporations.Shared.Contracts.FilingRecord&InquiryDirectionType=ForwardRecord&InquiryType=EntityName&ListNameOrder=MORGANDAWSON+P210000593490&SearchNameOrder=MORGANDENTALLABII+P100000325540
REF,SURGICAL PATHOLOGY LABORATORIES PA MLU8,PINELLAS PARK,FL,33781,10D1095707,surgicalpathlabs.com,https://www.surgicalpathlabs.com/
REF,REGIONAL CANCER CENTER,FORT MYERS,FL,33905,10D1089024,leehealth.org,https://www.leehealth.org/locations/find-a-location/regional-cancer-center
REF,SUNRISE CLINICAL LABORATORY INC,PORT CHARLOTTE,FL,33952,10D1025536,npino.org,https://npidb.org/organizations/laboratories/clinical-medical-laboratory_291u00000x/1801144860.aspx
REF,SURGICAL PATHOLOGY LABORATORIES PA MLU 9,PINELLAS PARK,FL,33781,10D1105853,surgicalpathlabs.com,https://www.surgicalpathlabs.com/
REF,ROBB E WILENTZ MD LLC,AVENTURA,FL,33180,10D2004292,skinandcancerassociates.com,https://skinandcancerassociates.com/physician/robb-wilentz-m-d/
REF,PATHOLOGY ON THE GO INC,POMPANO BEACH,FL,33069,10D1100498,dnatestingcenters.com,https://npidb.org/organizations/laboratories/clinical-medical-laboratory_291u00000x/1205169414.aspx
REF,CSL PLASMA INC,WILTON MANORS,FL,33311,10D2028813,cslplasma.com,https://www.cslplasma.com/
REF,NEOGENOMICS LABORATORIES INC,TEMPLE TERRACE,FL,33637,10D2031805,neogenomics.com,https://neogenomics.com/
REF,"XACT GENETICS, LLC",HENRIETTA,TX,76365,10D2030155,xactgenetics.com,http://xactgenetics.com/
REF,CSL PLASMA INC,PORT SAINT LUCIE,FL,34952,10D2027570,cslplasma.com,https://www.cslplasma.com/
REF,FRANCESSCA BRETTSCHNEIDER MD,FORT LAUDERDALE,FL,33305,10D2004845,skinandcancerassociates.com,https://ourhealthnetwork.com/group-practice/forefront-dermatology-fort-lauderdale-fl-3779471701
REF,RUFFOLO HOOPER & ASSOCIATES MD PA,SEFFNER,FL,33584,10D2004734,rha-pa.com,https://rha-pa.com/
REF,CSL PLASMA INC-TAMPA,TAMPA,FL,33619,10D2072032,cslplasma.com,https://www.cslplasma.com/
REF,DOCTORS CLINICAL LABORATORY SERVICES,DORAL,FL,33122,10D2032923,doctorsclinicallab.net,https://doctorsclinicallab.net/
REF,RUFFOLO HOOPER & ASSOCIATES MD PA,TAMPA,FL,33606,10D2094538,rha-pa.com,https://rha-pa.com/
REF,"PALM BEACH COUNTY FIREFIGHTERS HEALTH CLINIC, LLC",WEST PALM BEACH,FL,33411,10D2050889,myffwellness.com,https://www.myffwellness.com/
REF,UHEALTH PATHOLOGY AT RMSB,MIAMI,FL,33136,10D2033659,umiamihealth.org,https://umiamihealth.org/healthcare-professionals/pathology-reference-services
REF,IGENOMIX USA INC,MIAMI,FL,33126,10D2066797,igenomix.us,https://www.igenomix.us/
REF,SURGICAL PATHOLOGY LABORATORIES PA-MLU #11,PINELLAS PARK,FL,33781,10D2065373,surgicalpathlabs.com,https://www.surgicalpathlabs.com/
REF,PROGRESSIVE MEDICAL LAB LLC,S DAYTONA,FL,32119,10D2077051,progressmedicalllc.com,https://www.manta.com/c/mhkp0pt/progressive-medical-lab-llc
REF,HUNG WEI LEE MD,BRADENTON,FL,34209,10D2083415,totalgastroenterology.com,https://totalgastroenterology.com/
REF,MID-FLORIDA PATHOLOGY LLC,LAUDERDALE BY THE SEA,FL,33308,10D2061921,midfloridapathology.com,https://midfloridapathology.com/
REF,SURGICAL PATHOLOGY LABORATORIES PA MLU12,PINELLAS PARK,FL,33781,10D2097253,surgicalpathlabs.com,https://www.surgicalpathlabs.com/
REF,CSL PLASMA INC,ORLANDO,FL,32839,10D2096239,cslplasma.com,https://www.cslplasma.com/
REF,MID-FLORIDA PATHOLOGY LLC,ORLANDO,FL,32806,10D2053266,midfloridapathology.com,https://midfloridapathology.com/
REF,MID - FLORIDA PATHOLOGY LLC,LEESBURG,FL,34748,10D2123842,midfloridapathology.com,https://midfloridapathology.com/
REF,NILOGEN ONCOSYSTEMS LLC,TAMPA,FL,33612,10D2102362,nilogen.com,https://nilogen.com/
REF,UHEALTH ELECTRON MICROSCOPY LABORATORY,MIAMI,FL,33136,10D2131537,med.miami.edu,https://med.miami.edu/departments/pathology-and-laboratory-medicine/divisions/anatomic-pathology/electron-microscopy-pathology
REF,RUFFOLO HOOPER & ASSOCIATES MD PA,TAMPA,FL,33613,10D2157658,rha-pa.com,https://rha-pa.com/
REF,CBS LABS OF TAMPA LLC,TAMPA,FL,33607,10D2137962,cbslabstampa.com,https://www.cbslabstampa.com/
REF,CSL PLASMA INC,LONGWOOD,FL,32750,10D2141890,cslplasma.com,https://www.cslplasma.com/center/195
REF,RELIANCE PATHOLOGY PARTNERS LLC-MOBILE,TAMPA,FL,33634,10D2097512,reliancepathology.com,https://reliancepathology.com/
REF,CSL PLASMA INC,ORANGE CITY,FL,32763,10D2106262,cslplasma.com,https://www.cslplasma.com/center/155
REF,CSL PLASMA INC,LAKELAND,FL,33815,10D2107932,cslplasma.com,https://www.cslplasma.com/
REF,OHM LABS LLC,PALM CITY,FL,34990,10D2124997,ohm-labs.com,https://ohm-labs.com/
REF,CSL PLASMA INC,TALLAHASSEE,FL,32301,10D2144587,cslplasma.com,https://www.cslplasma.com/center/211
REF,AHF PUBLIC HEALTH LABORATORY,FORT LAUDERDALE,FL,33316,10D2149550,ahf.org,https://ahf.org/
REF,SOUTH FLORIDA INSTITUTE FOR REPRODUCTIVE MEDICINE,MELBOURNE,FL,32940,10D2158465,ivfmd.com,https://ivfmd.com/
REF,NEOGENOMICS LABORATORIES INC,JUNO BEACH,FL,33408,10D2151111,neogenomics.com,https://neogenomics.com/
REF,APLS SERVICES LLC D/B/A CLEAR DIAGNOSTICS,TARPON SPRINGS,FL,34689,10D2096689,cleardiagnostics.net,https://cleardiagnostics.net/
REF,RELIANCE PATHOLOGY PARTNERS LLC,PALM HARBOR,FL,34683,10D2164073,reliancepathology.com,https://reliancepathology.com/
REF,BIOLIFE PLASMA SERVICES LP,CASSELBERRY,FL,32707,10D2136816,biolifeplasma.com,https://www.biolifeplasma.com/locations/florida/casselberry
REF,SARASOTA PATHOLOGY,SAINT PETERSBURG,FL,33701,10D2162406,sarapath.com,https://sarapath.com/
REF,CSL PLASMA INC,MIRAMAR,FL,33023,10D2164771,cslplasma.com,https://www.cslplasma.com/
REF,DYNAMIC PATHOLOGY PLLC,TAMPA,FL,33629,10D2165762,dynamicpathology.com,https://dynamicpathology.com/
REF,CSL PLASMA INC,PALM BAY,FL,32905,10D2166715,cslplasma.com,https://www.cslplasma.com/center/254
REF,CSL PLASMA INC,HOMESTEAD,FL,33030,10D2170473,cslplasma.com,https://www.cslplasma.com/
REF,CSL PLASMA INC,TEMPLE TERRACE,FL,33637,10D2162585,cslplasma.com,https://www.cslplasma.com/center/252
REF,HEMATOLOGY/ONCOLOGY OFFICE LAB AT REGIONAL,FORT MYERS,FL,33905,10D2173587,leehealth.org,https://www.leehealth.org/locations/find-a-location/regional-cancer-center
REF,UF HEALTH MOLECULAR PATHOLOGY LABORATORY -,JACKSONVILLE,FL,32209,10D2170836,ufhealthjax.org,https://ufhealthjax.org/locations/uf-health-pathology-and-laboratory-medicine-jacksonville
REF,"ONSPOT -FL, LLC",FORT MYERS,FL,33912,10D2224637,onspotdermatology.com,https://onspotdermatology.com/fort-myers-office/
REF,RUFFOLO HOOPER & ASSOCIATES MD PA,TAMPA,FL,33634,10D2220185,rha-pa.com,https://rha-pa.com/
REF,MID FLORIDA PATHOLOGY LLC,EUSTIS,FL,32726,10D2212076,midfloridapathology.com,https://midfloridapathology.com/
REF,CSL PLASMA INC,JACKSONVILLE,FL,32208,10D2186397,cslplasma.com,https://www.cslplasma.com/center/251
REF,MID FLORIDA PATHOLOGY LLC,WILLISTON,FL,32696,10D2167244,midfloridapathology.com,https://midfloridapathology.com/
REF,UNIVERSITY OF MIAMI HOSPITALS & CLINICS -,FORT LAUDERDALE,FL,33308,10D2209605,umiamihealth.org,https://umiamihealth.org/locations/uhealth-fort-lauderdale
REF,RUFFOLO HOOPER & ASSOCIATES MD PA,WESLEY CHAPEL,FL,33543,10D2218806,rha-pa.com,https://rha-pa.com/
REF,CSL PLASMA INC,OCALA,FL,34471,10D2212098,cslplasma.com,https://www.cslplasma.com/
REF,BIOLIFE PLASMA SERVICES LP,KISSIMMEE,FL,34744,10D2170479,biolifeplasma.com,https://www.biolifeplasma.com/locations/florida/kissimmee
REF,APP-PBP LLC,WEST PALM BEACH,FL,33401,10D2168311,startupwebsolutions.com.au,https://npidb.org/organizations/laboratories/clinical-medical-laboratory_291u00000x/1710296181.aspx
REF,"EXPRESS MEDICAL EXPERTS, LLC",ORANGE PARK,FL,32073,10D2219475,carecredit.com,https://www.carecredit.com/doctor-locator/orange-park-fl/express-medical-experts-322hpc/
REF,RUFFOLO HOOPER & ASSOCIATES MD PA,WESLEY CHAPEL,FL,33543,10D2226262,rha-pa.com,https://rha-pa.com/
REF,"MARK & KAMBOUR, MD, PA",PORT CHARLOTTE,FL,33948,10D2244851,mkpathology.com,https://www.mkpathology.com/
REF,"MICRO PATH LABORATORIES, INC",BARTOW,FL,33830,10D2264975,micropathlabs.com,https://micropathlabs.com/contact-us/
REF,Z2 SCIENTIFIC LLC,CELEBRATION,FL,34747,10D2265416,z2scientific.com,https://z2scientific.com/
REF,MAYO CLINIC JACKSONVILLE ELECTRON MICROSCOPY LAB,JACKSONVILLE,FL,32224,10D2272872,mayo.edu,https://www.mayo.edu/research/core-resources/electron-microscopy-core/overview
REF,"CSL PLASMA, INC",TAMPA,FL,33612,10D2278007,cslplasma.com,https://www.cslplasma.com/
REF,"RISING TIDE REFERENCE LABORATORY, LLC",LONGWOOD,FL,32750,10D2276452,rtrl.us,https://rtrl.us/
REF,"ANGEL TOUCH NURSE REGISTERED, LLC",MIAMI,FL,33186,10D2266950,angeltouchnurseregistered.com,https://angeltouchnurseregistered.com/
REF,MICROWELL LABORATORIES INC,CLEARWATER,FL,33760,10D2266032,microwelllabs.com,https://microwelllabs.com/
REF,BIOLIFE PLASMA SERVICES LP,ORLANDO,FL,32822,10D2280081,biolifeplasma.com,https://www.biolifeplasma.com/locations/florida/orlando
REF,DYNAMIC PATHOLOGY ORLANDO,WINTER SPRINGS,FL,32708,10D2294645,dynamicpathology.com,https://dynamicpathology.com/
REF,AMERIPATH FLORIDA LLC,ST JOHNS,FL,32259,10D2283648,ameripath.com,https://ameripath.com/
REF,REGIONAL CANCER CENTER AT BHC,ESTERO,FL,34135,10D2285496,leehealth.org,https://www.leehealth.org/locations/find-a-location/regional-cancer-center
REF,MID FLORIDA PATHOLOGY LLC,DE LAND,FL,32720,10D2306670,midfloridapathology.com,https://midfloridapathology.com/
REF,CONCIERGE PATHOLOGY LLC,JACKSONVILLE BEACH,FL,32250,10D2305053,conciergediagnostics.com,https://search.sunbiz.org/Inquiry/corporationsearch/SearchResultDetail?aggregateId=flal-l16000025090-eb040231-87f5-4100-9cfc-23666d079c3e&directionType=Initial&inquirytype=EntityName&listNameOrder=CONCIERGEOPTIMALHEALTH+L150001157090&searchNameOrder=CONCIERGEPATHOLOGY+L160000250900&searchTerm=CONCIERGE+OPTIMAL+HEALTH%2C+L.L.C.
REF,PBPDM,DELRAY BEACH,FL,33484,10D2313071,delraybeachfl.gov,https://www.delraybeachfl.gov/
REF,GL CLINICAL LABORATORY AND RESEARCH LLC,MEDLEY,FL,33166,10D2307895,labprospects.com,https://local.yahoo.com/info-238308288-gl-clinical-laboratory-research-llc-medley/
REF,PATRIOT LABORATORY LLC,CLEARWATER,FL,33765,10D2314642,labprospects.com,https://opennpi.com/provider/1619718087
REF,ATARAXIS AI INC,ORLANDO,FL,32809,10D2321150,ataraxis.ai,https://ataraxis.ai/
REF,MY MEDEX LAB LLC,JACKSONVILLE,FL,32210,10D2316512,mymedexlab.com,https://mymedexlab.com/
REF,UNIVERSITY OF MIAMI HOSPITAL & CLINICS - GCRB,MIAMI,FL,33136,10D2318807,umiamihealth.org,https://umiamihealth.org/locations/sylvester-comprehensive-cancer-center-kenneth-c-griffin-cancer-research-building
REF,"COMPREHENSIVE PATHOLOGY ASSOCIATES, PA",MIAMI,FL,33133,10D2286524,npidashboard.com,https://www.npidashboard.com/npi/1871567289comprehensivepathologyassociatespa
REF,MEDIPATH LLC,JACKSONVILLE,FL,32256,10D2323898,medipath.com,https://medipath.com/
REF,ROSENBLUM-VICTORIA PA,PEMBROKE PINES,FL,33028,10D2300536,ddrlawyers.com,https://search.sunbiz.org/Inquiry/corporationsearch/SearchResults?inquiryType=EntityName&searchTerm=ROSENBLUM-VICTORIA+P.A.
REF,"PLANNED PARENTHOOD SOUTHEAST, INC",MARIETTA,GA,30062,11D0258374,plannedparenthood.org,https://www.plannedparenthood.org/health-center/georgia/marietta/30062/cobb-center-2270-90330
REF,"HARBIN CLINIC, LLC - MAIN OFFICE",ROME,GA,30165,11D0256801,romega.chambermaster.com,https://romega.chambermaster.com/list/member/harbin-clinic-llc-1524.htm
REF,MBMMD LLC,ODESSA,FL,33556,10D2323628,finehomebuilding.com,https://www.finehomebuilding.com/profile/mbmmd
REF,"ASSOCIATED PATHOLOGISTS, LLC",ATLANTA,GA,30349,11D0260856,associated-pathologists.com,https://associated-pathologists.com/
REF,ATLANTA DIABETES ASSOCIATES,ATLANTA,GA,30318,11D0259599,atlantadiabetes.com,https://atlantadiabetes.com/
REF,CHATHAM COUNTY HEALTH DEPT CLINIC,SAVANNAH,GA,31406,11D0690710,gachd.org,https://www.gachd.org/counties/chatham_county_health_departme/
REF,COLUMBUS HEALTH DEPARTMENT,COLUMBUS,GA,31901,11D0674629,dph.georgia.gov,https://dph.georgia.gov/contacts/columbus-health-department
REF,GEORGIA PUBLIC HEALTH LABORATORY,DECATUR,GA,30033,11D0671793,dph.georgia.gov,https://dph.georgia.gov/georgia-public-health-laboratory
REF,WAYCROSS REGIONAL LABORATORY,WAYCROSS,GA,31503,11D0671837,dph.georgia.gov,https://dph.georgia.gov/georgia-public-health-laboratory
REF,DEKALB PUBLIC HEALTH,DECATUR,GA,30031,11D0693066,dekalbpublichealth.com,https://dekalbpublichealth.com/
REF,HALL COUNTY HEALTH DEPARTMENT,GAINESVILLE,GA,30507,11D0691469,hallcounty.org,https://www.hallcounty.org/facilities/facility/details/Hall-County-Health-Department-57
REF,EAST CENTRAL HEALTH DISTRICT,AUGUSTA,GA,30901,11D0694817,ecphd.com,https://ecphd.com/programs-services/
REF,DISTRICT 4 PUBLIC HEALTH,LAGRANGE,GA,30240,11D0703582,district4health.org,https://district4health.org/
REF,"ATLANTA HEALTH ASSOCIATES, INC",CUMMING,GA,30040,11D0883358,atlantahealth.net,https://atlantahealth.net/
REF,EAST GEORGIA DIAGNOSTIC SERVICES,STATESBORO,GA,30458,11D0982961,egradiology.com,https://egradiology.com/
REF,FORSYTH COUNTY HEALTH DEPARTMENT,CUMMING,GA,30040,11D0866868,forsythhd.com,https://forsythhd.com/
REF,"CLINICAL LABORATORY SERVICES, INC",WINDER,GA,30680,11D0930302,clinicallaboratoryservices.com,https://clinicallaboratoryservices.com/
REF,"GASTROENTEROLOGY SPECIALISTS OF GWINNETT, PC",LAWRENCEVILLE,GA,30046,11D0955022,gastrogwinnett.com,https://gastrogwinnett.com/
REF,SKINPATH SOLUTIONS,SMYRNA,GA,30080,11D2010733,skinpathsolutions.com,https://skinpathsolutions.com/
REF,DOUGHERTY COUNTY HEALTH DEPARTMENT,ALBANY,GA,31701,11D0702558,dph.georgia.gov,https://dph.georgia.gov/contacts/dougherty-county-health-department
REF,"SEPA, PC AT SAINT MARY'S - DAN PROCTOR",SAINT MARYS,GA,31558,11D2019192,sghs.org,http://www.healthcare4ppl.com/medical-group/georgia/saint-marys/southeastern-pathology-associates-pc-5890781371.html
REF,"ACCU LAB, LLC - KIDNEY-HYPERTENSION-CLINIC, PC",LAWRENCEVILLE,GA,30046,11D2009488,acculabllc.com,https://acculabllc.com/
REF,"SOUTHEASTERN DERMATOPATHOLOGY, LLC",CUMMING,GA,30041,11D2025057,sepath.com,https://npidb.org/organizations/laboratories/clinical-medical-laboratory_291u00000x/1932497492.aspx
REF,"SEPA, PC AT BRUNSWICK, - PARKWOOD",BRUNSWICK,GA,31520,11D2017905,sepalabs.com,https://www.sepalabs.com/
